"","CITY","STABBR","ZIP","LONGITUDE","LATITUDE","INSTNM","TUITFTE","INEXPFTE","AVGFACSAL","faminc","COSTT4_A","COSTT4_P","TUITIONFEE_IN","TUITIONFEE_OUT","TUITIONFEE_PROG","NPT4_PUB","NPT4_PRIV","HIGHDEG","PREDDEG","sch_deg","CONTROL","RELAFFIL","HBCU","PBI","ANNHI","TRIBAL","AANAPII","HSI","NANTI","ADM_RATE_ALL","ADM_RATE","SATMT75","ACTMT75","UGDS","female","married","pct_white","pct_black","pct_asian","pct_hispanic","pct_born_us","poverty_rate","DEBT_MDN","GRAD_DEBT_MDN","CDR3"
"6777","Los Angeles","CA","90024",-118.4461,34.0593,"The Chicago School of Professional Psychology at Westwood",26983,7374,5943,NA,"NULL","NULL","NULL","NULL","NULL","NULL","NULL",4,4,"3",2,"NULL","0","0","0","0","0","0","0","NULL","NULL","NULL","NULL","NULL","NULL",NA,NA,"NULL","NULL","NULL","NULL","NULL",NA,"NULL",4.8
"2543","Albuquerque","NM","87106",-106.625,35.076,"Central New Mexico Community College",739,3813,4942,24420.34,"8946","NULL","1364","6656","NULL","3961","NULL",2,1,"1",1,"NULL","0","0","0","0","0","0","0","NULL","NULL","NULL","NULL","25090","0.61000001430511",0.20999999344348,66.6299972534179,"2.6800000667572","1.62999999523162","41.9799995422363","90.8199996948242","12.3900003433227",6916.5,"13000",31.7
"1063","Atlanta","GA","30314-4399",-84.4101,33.7452,"Spelman College",13571,11178,7514,71841.55,"41635","NULL","24634","24634","NULL","NULL","31923",3,3,"3",2,"NULL","1","0","0","0","0","0","0","0.3802","0.3802","540","24","2129","1",0.00999999977648,47.0200004577636,"41.8400001525878","3.70000004768371","9.52999973297119","86.8899993896484","11.25",25500,"27000",10.6
"5364","Van Wert","OH","45891",-84.5728,40.8802,"Vantage Career Center",5800,8253,NA,21500.42,"NULL","NULL","NULL","NULL","620","NULL","NULL",1,1,"1",1,"NULL","0","0","0","0","0","0","0","NULL","NULL","NULL","NULL","62","0.83999997377395",0.33000001311302,97,"0.75999999046325","0.23000000417232","2.17000007629394","98.9800033569336","4.65999984741211",NA,"NULL",0
"4919","Mount Vernon","OH","43050",-82.4751,40.3759,"Knox County Career Center",6366,5430,NA,31987.17,"NULL","18207","NULL","NULL","13035","13924","NULL",1,1,"1",1,"NULL","0","0","0","0","0","0","0","NULL","NULL","NULL","NULL","252","0.93000000715255",0.38999998569488,95.6999969482422,"2.29999995231628","0.47999998927116","0.77999997138977","98.1800003051758","7.65000009536743",8618,"9500",15.3
"4344","Seattle","WA","98195-4550",-122.3131,47.6562,"University of Washington-Seattle Campus",17091,23645,10461,55950.49,"24606","NULL","12397","31971","NULL","11904","NULL",4,3,"3",1,"NULL","0","0","0","0","0","0","0","0.5778","0.5523","710","31","28754","0.56999999284744",0.10000000149011,77.9899978637695,"4.46999979019165","8.60000038146972","6.6100001335144","85.6399993896484","6.57000017166137",14793.5,"16326",4.3
"4578","Florence","KY","41042",-84.6531,38.9877,"Lincoln College of Technology-Florence",14298,7223,3783,19358.13,"24542","NULL","NULL","NULL","NULL","NULL","23125",2,1,"1",3,"NULL","0","0","0","0","0","0","0","NULL","NULL","NULL","NULL","97","0.91000002622604",0.2199999988079,70.6900024414062,"26.1299991607666","1.01999998092651","1.25999999046325","97.1600036621094","12.3599996566772",11372,"12712",NA
"2665","Jamaica","NY","11451",-73.7946,40.7027,"CUNY York College",3308,8154,7001,25815.23,"13967","NULL","6096","12606","NULL","5380","NULL",4,3,"3",1,"NULL","0","0","0","0","0","0","0","0.351","0.351","510","NULL","7361","0.6700000166893",0.10999999940395,25.8199996948242,"46.7700004577636","8.71000003814697","23.0499992370605","57.5200004577636","16.6000003814697",7000,"10000",10.1
"44","Montgomery","AL","36117",-86.1622,32.3831,"Prince Institute-Southeast",10722,5269,4710,39000.1,"24676","NULL","9685","9685","NULL","NULL","20904",2,2,"2",3,"NULL","0","0","0","0","0","0","0","NULL","NULL","NULL","NULL","102","0.89999997615814",0.14000000059604,71.8600006103515,"25.2000007629394","1.01999998092651","1.73000001907348","96.7900009155273","10.579999923706",12667,"21739",11.4
"5574","Boston","MA","02114-2696",-71.0689,42.3626,"Massachusetts General Hospital Dietetic Internship",2017,2506,NA,NA,"NULL","NULL","NULL","NULL","NULL","NULL","NULL",0,0,"NULL",2,"NULL","0","0","0","0","0","0","0","NULL","NULL","NULL","NULL","NULL","NULL",NA,NA,"NULL","NULL","NULL","NULL","NULL",NA,"NULL",5.2
"1994","Allendale","MI","49401-9403",-85.8875,42.9652,"Grand Valley State University",9810,7728,7816,78034.29,"21512","NULL","10716","15388","NULL","16243","NULL",4,3,"3",1,"NULL","0","0","0","0","0","0","0","0.826","0.826","620","26","21137","0.62000000476837",0.05000000074505,88.1699981689453,"6.38999986648559","1.44000005722045","4.03999996185302","95.0199966430664","5.51000022888183",20898.5,"26500",5.1
"6239","Arlington","VA","22203",-77.1146,38.882,"Westwood College-Arlington Ballston",13491,3084,4569,31835.7,"30640","NULL","14645","14645","NULL","NULL","26446",3,3,"3",3,"NULL","0","0","0","0","0","0","0","NULL","NULL","NULL","NULL","371","0.51999998092651",0.11999999731779,36.1800003051757,"22.8099994659423","7.75","47.9099998474121","65.9700012207031","19.0599994659423",22967.5,"38913",17.6
"3650","Pittsburgh","PA","15216",-80.0418,40.3895,"South Hills Beauty Academy Inc",14968,4791,NA,45064.01,"NULL","19371","NULL","NULL","14450","NULL","17476",1,1,"1",3,"NULL","0","0","0","0","0","0","0","NULL","NULL","NULL","NULL","92","0.93999999761581",0.20000000298023,88.6999969482422,"8.6899995803833","1.19000005722045","0.80000001192092","96.5599975585937","7.76999998092651",4750,"3432",16.8
"4190","Fairfax","VA","22030-4444",-77.3079,38.8309,"George Mason University",10801,12122,10524,72029.93,"22332","NULL","9908","28592","NULL","18305","NULL",4,3,"3",1,"NULL","0","0","0","0","0","0","0","0.6203","0.6203","630","27","21324","0.57999998331069",0.10000000149011,72.1100006103515,"12.539999961853","8.05000019073486","9.10000038146972","81.0100021362304","4.01000022888183",17250,"20250",1.8
"4351","Yakima","WA","98907-2520",-120.5285,46.5861,"Yakima Valley Community College",1483,5585,5802,29871.82,"12883","NULL","3820","4214","NULL","7154","NULL",2,2,"2",1,"NULL","0","0","0","0","0","0","0","NULL","NULL","NULL","NULL","2587","0.6700000166893",0.23000000417232,70.5400009155273,"1.17999994754791","1.23000001907348","30.4599990844726","84.1999969482422","14.039999961853",8018.5,"10500",16.1
"7312","Canoga Park","CA","91304-2305",-118.606,34.2222,"Academy for Salon Professionals",11512,3236,NA,NA,"NULL","17836","NULL","NULL","18150","NULL","13393",1,1,"1",3,"NULL","0","0","0","0","0","0","0","NULL","NULL","NULL","NULL","83","NULL",NA,NA,"NULL","NULL","NULL","NULL","NULL",6333,"6333",0
"4040","San Antonio","TX","78203-2098",-98.453,29.4146,"St Philip's College",1745,6192,6025,22532.05,"9615","NULL","2038","10822","NULL","4412","NULL",2,2,"2",1,"NULL","1","0","0","0","0","0","0","NULL","NULL","NULL","NULL","7898","0.61000001430511",0.23999999463558,63.9300003051757,"11.8100004196167","1.40999996662139","52.9900016784668","87.6500015258789","14.9600000381469",9500,"10500",17
"4993","Houston","TX","77026",-95.2442,29.7729,"Houston Training School-Main Campus",1230,1318,NA,13269.85,"NULL","8793","NULL","NULL","11400","NULL","3265",1,1,"1",3,"NULL","0","0","0","0","0","0","0","NULL","NULL","NULL","NULL","177","0.93999999761581",0.38999998569488,47.7000007629394,"24.7600002288818","4.94999980926513","42.5900001525878","72.8600006103515","16.7900009155273",1313,"NULL",0
"3110","Dayton","OH","45469",-84.1737,39.7369,"University of Dayton",18266,10823,8494,122480.57,"46250","NULL","35800","35800","NULL","NULL","30720",4,3,"3",2,"30","0","0","0","0","0","0","0","0.5297","0.5297","630","28","7812","0.50999999046325",0.00999999977648,88.3899993896484,"7.01000022888183","2.16000008583068","2.88000011444091","94.3300018310547","4.71000003814697",23250,"26863",2
"3469","East Stroudsburg","PA","18301-2999",-75.1726,40.9962,"East Stroudsburg University of Pennsylvania",9230,7595,9215,81363.98,"20282","NULL","8991","19115","NULL","16638","NULL",4,3,"3",1,"NULL","0","0","0","0","0","0","0","0.7844","0.7844","530","23","6109","0.58999997377395",0.05000000074505,89.9199981689453,"4.76999998092651","2.01999998092651","4.69999980926513","92.6699981689453","5.28999996185302",16750,"23955",5.1
"3958","El Paso","TX","79925",-106.3692,31.7516,"El Paso Community College",1133,3274,5811,20980.57,"9466","NULL","2094","3654","NULL","3697","NULL",2,2,"2",1,"NULL","0","0","0","0","0","0","0","NULL","NULL","NULL","NULL","29390","0.61000001430511",0.23999999463558,73.1399993896484,"3.04999995231628","0.89999997615814","79.4499969482422","70.4700012207031","21.4200000762939",4987.5,"6478",14.5
"3921","Austin","TX","78704-4785",-97.7831,30.2417,"Baldwin Beauty School-South Austin",5702,4274,NA,15154.05,"NULL","12441","NULL","NULL","12200","NULL","8213",1,1,"1",3,"NULL","0","0","0","0","0","0","0","NULL","NULL","NULL","NULL","76","0.91000002622604",0.2199999988079,72.3199996948242,"7.98000001907348","3.29999995231628","27.1200008392334","85.9100036621093","7.92000007629394",NA,"NULL",0
"4589","Culver City","CA","90230-7615",-118.3847,33.9876,"Antioch University-Los Angeles",16824,8319,8639,42885.02,"NULL","NULL","NULL","NULL","NULL","NULL","NULL",4,3,"3",2,"NULL","0","0","0","0","0","0","0","0.7857","NULL","NULL","NULL","137","0.70999997854232",0.2199999988079,76.8000030517578,"8.14999961853027","6.01000022888183","10.8000001907348","84.7300033569336","7.86999988555908",24156,"25329.5",4.4
"468","Rancho Palos Verdes","CA","90275-6299",-118.3334,33.7346,"Marymount California University",19258,6974,7684,72478.5,"44406","NULL","30579","30579","NULL","NULL","22646",3,2,"2",2,"30","0","0","0","0","0","0","0","NULL","NULL","NULL","NULL","1033","0.66000002622604",0,60.1399993896484,"6.80000019073486","11.5500001907348","29.9400005340576","72.9400024414062","9.82999992370605",12000,"16000",11.5
"5021","Arvada","CO","80003",-105.0806,39.815,"Empire Beauty School-Arvada",15563,16174,NA,38719.34,"NULL","16288","NULL","NULL","18000","NULL","12929",1,1,"2",3,"NULL","0","0","0","0","0","0","0","NULL","NULL","NULL","NULL","52","0.97000002861022",0.23000000417232,85.6500015258789,"1.79999995231628","2.76999998092651","15.2200002670288","91.8099975585937","4.65000009536743",6406,"9083",18.8
"3102","Cleveland","OH","44115-2214",-81.6731,41.5029,"Cleveland State University",10476,8213,8624,43936.8,"22041","NULL","9499","12678","NULL","16750","NULL",4,3,"3",1,"NULL","0","0","0","0","0","0","0","0.6287","0.6287","580","25","11484","0.60000002384185",0.10999999940395,72.4400024414062,"22.579999923706","1.5900000333786","3.40000009536743","93.0199966430664","9.92000007629394",16500,"24000",9
"1869","Quincy","MA","02169",-71.0032,42.2452,"Mansfield Beauty Schools-Quincy",8644,5792,NA,26132.98,"NULL","17090","NULL","NULL","11450","NULL","13585",1,1,"1",3,"NULL","0","0","0","0","0","0","0","NULL","NULL","NULL","NULL","60","0.93999999761581",0.15000000596046,83.2099990844726,"6.01999998092651","6.21000003814697","3.07999992370605","86.2699966430664","5.90000009536743",5500,"5580",4.7
"3898","Blountville","TN","37617-0246",-82.4086,36.4856,"Northeast State Community College",2294,4864,5128,29044.25,"11771","NULL","3638","14360","NULL","6658","NULL",2,2,"2",1,"NULL","0","0","0","0","0","0","0","NULL","NULL","NULL","NULL","5052","0.61000001430511",0.25,95.7900009155273,"2.33999991416931","0.43999999761581","1.07000005245208","98.1999969482422","10.6400003433227",6015,"9000",23.9
"5519","Windsor","CT","06095",-72.7024,41.8781,"Branford Hall Career Institute-Windsor Campus",5445,2358,NA,32215.99,"NULL","31944","NULL","NULL","16327","NULL","27851",1,1,"1",3,"NULL","0","0","0","0","0","0","0","NULL","NULL","NULL","NULL","449","0.82999998331069",0.2199999988079,73.2600021362304,"13.619999885559","1.95000004768371","15.8100004196167","84.2399978637695","10.1599998474121",9127.5,"9800",26.2
"6301","Louisville","KY","40223",-85.5666,38.224,"ATA College",25692,7346,4240,NA,"27707","NULL","11185","11185","NULL","NULL","22591",2,1,"1",3,"NULL","0","0","0","0","0","0","0","NULL","NULL","NULL","NULL","427","NULL",NA,NA,"NULL","NULL","NULL","NULL","NULL",14167,"17139",18.7
"1665","Lafayette","LA","70503-3246",-92.0421,30.2062,"Aveda Institute-Lafayette",8889,5814,NA,45890.59,"NULL","17400","NULL","NULL","18000","NULL","14506",1,1,"1",3,"NULL","0","0","0","0","0","0","0","NULL","NULL","NULL","NULL","116","0.91000002622604",0.11999999731779,74.0500030517578,"22.8999996185302","1.08000004291534","1.62999999523162","97.4899978637695","15.1700000762939",8500,"9416",8.7
"1287","Springfield","IL","62704",-89.7108,39.7667,"University of Spa & Cosmetology Arts",5859,1845,NA,43809.35,"NULL","17756","NULL","NULL","16100","NULL","14572",1,1,"1",3,"NULL","0","0","0","0","0","0","0","NULL","NULL","NULL","NULL","189","0.94999998807907",0.18000000715255,89.1800003051757,"8.34000015258789","0.74000000953674","1.25999999046325","97.9400024414062","7.76000022888183",5500,"5628",7.9
"1073","Young Harris","GA","30582",-83.8478,34.9332,"Young Harris College",8213,8802,6076,72203.98,"34007","NULL","25105","25105","NULL","NULL","15661",3,3,"3",2,"71","0","0","0","0","0","0","0","0.5365","0.5365","530","NULL","1083","0.56999999284744",0.01999999955296,86.4899978637695,"9.30000019073486","1.33000004291534","3.48000001907348","94.4899978637695","6.73999977111816",10500,"26000",5.6
"6071","Houston","TX","77022-4322",-95.3786,29.8236,"Culinary Institute Inc",10678,2228,4570,39871.12,"30117","NULL","16052","16052","NULL","NULL","25046",2,2,"2",3,"NULL","0","0","0","0","0","0","0","NULL","NULL","NULL","NULL","368","0.47999998927116",0.25999999046325,67.8300018310547,"13.4200000762939","4.67000007629394","25.8799991607666","82.6399993896484","9.3100004196167",13915,"25755",22
"4864","Gardendale","AL","35071",-86.8109,33.6435,"Alabama State College of Barber Styling",6076,3207,NA,10913.11,"NULL","7085","NULL","NULL","8000","NULL","1583",1,1,"1",3,"NULL","0","0","0","0","0","0","0","NULL","NULL","NULL","NULL","26","0.69999998807907",0.27000001072883,76.9899978637695,"20.4300003051757","0.79000002145767","1.5900000333786","97.4400024414062","9.38000011444091",NA,"NULL",0
"1934","Norton","MA","02766",-71.1842,41.9668,"Wheaton College",23663,15962,9037,99677.32,"56934","NULL","45074","45074","NULL","NULL","30179",3,3,"3",2,"NULL","0","0","0","0","0","0","0","0.6737","0.6737","NULL","NULL","1640","0.62000000476837",0,86.8099975585937,"5.67000007629394","2.81999993324279","5.46000003814697","88.7200012207031","5.84999990463256",22500,"24000",5.1
"911","Orlando","FL","32809",-81.416,28.4717,"Mid Florida Tech",8768,6723,NA,18388.76,"NULL","14518","NULL","NULL","5387","11260","NULL",1,1,"1",1,"NULL","0","0","0","0","0","0","0","NULL","NULL","NULL","NULL","1460","0.20999999344348",0.18000000715255,63.6199989318847,"21.3799991607666","3.17000007629394","23.6000003814697","74.7399978637695","10.7799997329711",NA,"NULL",0
"1712","Arundel","ME","04046",-70.5035,43.3805,"The Landing School",17005,14603,5827,60485.8,"36025","NULL","19350","19350","NULL","NULL","34608",2,1,"1",2,"NULL","0","0","0","0","0","0","0","NULL","NULL","NULL","NULL","83","0.02999999932944",0.10999999940395,89.0599975585937,"5.40999984741211","1.89999997615814","4.73000001907348","92.9300003051757","5.92999982833862",9500,"9500",4
"2092","Saint Paul","MN","55104-1284",-93.164,44.9657,"Hamline University",15625,7717,6607,71451.3,"43433","NULL","35108","35108","NULL","NULL","20500",4,3,"3",2,"71","0","0","0","0","0","0","0","0.6557","0.6557","600","27","2108","0.62000000476837",0.10999999940395,87.4499969482422,"4.61999988555908","3.41000008583068","3.69000005722045","93.1900024414062","5.30000019073486",18250,"25018.5",4
"1363","Fort Wayne","IN","46825",-85.1064,41.1703,"ITT Technical Institute-Fort Wayne",24312,6437,5319,42565.01,"24682","NULL","18048","18048","NULL","NULL","22119",3,2,"2",3,"NULL","0","0","0","0","0","0","0","0.8388","0.7841","NULL","NULL","283","0.18000000715255",0.17000000178813,73.0800018310547,"19.2700004577636","1.86000001430511","9.98999977111816","86.5299987792968","8.60000038146972",14656.5,"25833.5",22.4
"5715","Pottsville","PA","17901",-76.2351,40.676,"McCann School of Business & Technology",11554,2818,3936,30479.66,"23490","NULL","9820","9820","NULL","NULL","18969",2,2,"2",3,"NULL","0","0","0","0","0","0","0","NULL","NULL","NULL","NULL","3544","0.75",0.28000000119209,96.6600036621094,"1.58000004291534","0.47999998927116","1.40999996662139","97.9199981689453","7.65999984741211",11977,"19811",21.8
"1317","Notre Dame","IN","46556-0308",-86.2537,41.7,"Holy Cross College",13361,7233,4545,101558.45,"33660","NULL","25450","25450","NULL","NULL","17637",3,3,"3",2,"30","0","0","0","0","0","0","0","0.7231","0.7231","530","25","490","0.38999998569488",0.00999999977648,84.9199981689453,"7.57999992370605","2.80999994277954","5.67999982833862","92.7699966430664","5.67999982833862",14000,"25000",11.5
"7112","Tacoma","WA","98409",-122.4715,47.2227,"The Salon Professional Academy-Tacoma",7688,1770,NA,NA,"NULL","16272","NULL","NULL","16000","NULL","13322",1,1,"1",3,"NULL","0","0","0","0","0","0","0","NULL","NULL","NULL","NULL","152","NULL",NA,NA,"NULL","NULL","NULL","NULL","NULL",12000,"12000",8.6
"208","Little Rock","AR","72202-5452",-92.2898,34.7357,"Velvatex College of Beauty Culture",342,1500,NA,11259.16,"NULL","6876","NULL","NULL","7500","NULL","959",1,1,"1",3,"NULL","0","0","0","0","0","0","0","NULL","NULL","NULL","NULL","25","0.95999997854232",0.15999999642372,49.7700004577636,"46.2999992370605","0.93000000715255","2.64000010490417","96.7200012207031","14.6000003814697",NA,"NULL",0
"4715","Louisville","KY","40204",-85.7227,38.2396,"Empire Beauty School-Highland",7411,6110,NA,31353.58,"NULL","16867","NULL","NULL","16380","NULL","12114",1,1,"2",3,"NULL","0","0","0","0","0","0","0","NULL","NULL","NULL","NULL","80","0.91000002622604",0.09000000357627,78.620002746582,"18.079999923706","0.95999997854232","1.73000001907348","96.6299972534179","11.9099998474121",8100,"11096",17.7
"304","El Cajon","CA","92019-1157",-116.9031,32.8,"San Diego Christian College",18089,4972,5271,64080.54,"37696","NULL","25888","25888","NULL","NULL","25314",4,3,"3",2,"88","0","0","0","0","0","0","0","0.492","0.492","550","24","889","0.57999998331069",0.11999999731779,72.3300018310547,"5.05999994277954","6.34999990463257","22.8999996185302","82.4499969482422","8.28999996185302",11806,"20249",8.4
"7422","Baton Rouge","LA","70808-2300",-91.1516,30.423,"University of Phoenix-Baton Rouge Campus",11792,2303,1446,NA,"23154","NULL","10240","10240","NULL","NULL","18174",4,3,"3",3,"NULL","0","0","0","0","0","0","0","NULL","NULL","NULL","NULL","470","NULL",NA,NA,"NULL","NULL","NULL","NULL","NULL",18532,"35500",19
"4030","Carthage","TX","75633-2397",-94.3563,32.1563,"Panola College",1822,4601,5464,21518.34,"12191","NULL","1680","3432","NULL","7734","NULL",2,1,"1",1,"NULL","0","0","0","0","0","0","0","NULL","NULL","NULL","NULL","2699","0.73000001907348",0.2199999988079,71.4300003051757,"23.0100002288818","0.43999999761581","6.76999998092651","95.2900009155273","13.8800001144409",5250,"7000",18.5
"3969","Abilene","TX","79698-0001",-99.7338,32.4768,"Hardin-Simmons University",11836,9644,6653,71686.11,"32001","NULL","23460","23460","NULL","NULL","21071",4,3,"3",2,"54","0","0","0","0","0","0","0","0.3759","0.3759","560","25","1690","0.54000002145767",0.07999999821186,82.370002746582,"5.82999992370605","1.80999994277954","17.0100002288818","92.7600021362304","8.72000026702881",16137,"27000",9.1
"912","Miami","FL","33144-4700",-80.3038,25.7607,"Beauty Schools of America-Miami",10867,4798,NA,14914.17,"NULL","21514","NULL","NULL","14017","NULL","18224",1,1,"1",3,"NULL","0","0","0","0","0","0","0","NULL","NULL","NULL","NULL","631","0.91000002622604",0.37999999523162,70.8300018310547,"19.0400009155273","1.40999996662139","60.5099983215332","44.2099990844726","13.9799995422363",9500,"9500",33.2
"3810","Chattanooga","TN","37406-1097",-85.2374,35.1002,"Chattanooga State Community College",3549,5875,5465,32833.36,"13039","NULL","3651","14091","NULL","8062","NULL",2,2,"2",1,"NULL","0","0","0","0","0","0","0","NULL","NULL","NULL","NULL","8224","0.64999997615814",0.23000000417232,79.0599975585937,"17.6700000762939","1.02999997138977","1.82000005245208","96.8399963378906","10.8199996948242",8251,"11815",24
"6076","Monroe","WI","53566",-89.6611,42.6022,"Paul Mitchell the School-Monroe",9141,2639,NA,20302.06,"NULL","16486","NULL","NULL","15500","NULL","13754",1,1,"1",3,"NULL","0","0","0","0","0","0","0","NULL","NULL","NULL","NULL","57","1",0.2199999988079,97.1399993896484,"1.14999997615814","0.37000000476837","1.40999996662139","97.8899993896484","3.74000000953674",12000,"17522",16.6
"5158","Tucson","AZ","85711-4574",-110.8758,32.2178,"University of Phoenix-Southern Arizona Campus",12701,2260,3286,47023.93,"24367","NULL","11307","11307","NULL","NULL","19537",4,3,"3",3,"NULL","0","0","0","0","0","0","0","NULL","NULL","NULL","NULL","1414","0.6700000166893",0.44999998807907,69.4700012207031,"15.369999885559","4.13999986648559","16.2299995422363","86.6999969482422","9.60000038146972",18532,"35500",19
"4554","Bayamon","PR","00960-6032",-66.1545,18.3674,"Universidad Central Del Caribe",17679,7429,2619,17812.65,"22825","NULL","10290","10240","NULL","NULL","17704",4,1,"1",2,"NULL","0","0","0","0","0","1","0","0.4706","0.4706","NULL","NULL","144","0.75999999046325",0.18999999761581,83.4700012207031,"6.30000019073486","0.12999999523162","99.1699981689453","PrivacySuppressed","45.2200012207031",NA,"5187.5",6.6
"27","Jacksonville","AL","36265",-85.7666,33.8221,"Jacksonville State University",6192,6949,6857,47062.65,"19202","NULL","7092","13884","NULL","16078","NULL",4,3,"3",1,"NULL","0","0","0","0","0","0","0","0.8326","0.8326","540","24","7195","0.57999998331069",0.15000000596046,76.9599990844726,"19.7000007629394","0.6700000166893","2.66000008583068","96.6900024414062","11.4499998092651",16500,"23500",11.3
"5429","Sandy","UT","84070-2004",-111.8944,40.5876,"Francois D College of Hair Skin and Nails",5199,2935,NA,32268.41,"NULL","13086","NULL","NULL","13400","NULL","10473",1,1,"1",3,"NULL","0","0","0","0","0","0","0","NULL","NULL","NULL","NULL","92","0.93999999761581",0.38999998569488,88.1299972534179,"0.91000002622604","2.07999992370605","10.579999923706","90.7799987792968","5.26000022888183",6824.5,"8035",13.4
"2452","Hackensack","NJ","07601",-74.0405,40.8858,"Eastwick College-Hackensack",8576,3071,4351,31909.94,"26062","NULL","14659","14659","NULL","NULL","21670",1,1,"1",3,"NULL","0","0","0","0","0","0","0","0.8227","0.8227","NULL","NULL","323","0.86000001430511",0.30000001192092,57.1300010681152,"20.3799991607666","7.40000009536743","25.3899993896484","65.3300018310547","8.89999961853027",8559,"9500",10.4
"3106","Columbus","OH","43215",-82.9877,39.97,"Columbus State Community College",2791,4043,6092,36378.28,"9823","NULL","3790","8186","NULL","6182","NULL",2,1,"1",1,"NULL","0","0","0","0","0","0","0","NULL","NULL","NULL","NULL","13260","0.61000001430511",0.17000000178813,75.4300003051757,"18.8999996185302","2.23000001907348","2.23000001907348","94.370002746582","9.27999973297119",7820.5,"20303",21.3
"1423","Dubuque","IA","52001-3096",-90.7059,42.509,"Emmaus Bible College",10733,6741,4389,48243.73,"23620","NULL","15390","15390","NULL","NULL","16100",3,1,"1",2,"28","0","0","0","0","0","0","0","NULL","NULL","NULL","NULL","187","0.49000000953674",0.02999999932944,90.4300003051757,"3.29999995231628","1.3400000333786","4.96999979019165","95.2300033569336","5.73000001907348",14350,"19000",1.6
"641","Saratoga","CA","95070-5698",-122.0097,37.2631,"West Valley College",1043,6329,7828,19701.85,"14565","NULL","1178","6074","NULL","9086","NULL",2,2,"2",1,"NULL","0","0","0","0","0","0","0","NULL","NULL","NULL","NULL","8470","0.57999998331069",0.14000000059604,60.5299987792968,"3.23000001907348","20.25","20.829999923706","70.4300003051757","5.05000019073486",4500,"PrivacySuppressed",20.3
"5039","Big Spring","TX","79720-7298",-101.5034,32.2278,"Southwest Collegiate Institute for the Deaf",5705,17619,4621,29392.79,"10599","NULL","2222","12332","NULL","2583","NULL",2,1,"1",1,"NULL","0","0","0","0","0","0","0","NULL","NULL","NULL","NULL","147","0.6700000166893",0.25999999046325,78.0100021362304,"5.38000011444091","0.80000001192092","33.3899993896484","92.3799972534179","13.25",5250,"7632.5",26.4
"2639","New York","NY","10003-7120",-73.9905,40.7294,"Cooper Union for the Advancement of Science and Art",3605,24981,11865,56471.71,"56735","NULL","41400","41400","NULL","NULL","15870",4,3,"3",2,"NULL","0","0","0","0","0","0","0","0.0774","0.0774","780","NULL","851","0.41999998688697",0.02999999932944,68.6100006103515,"12.4700002670288","9.14999961853027","16.5300006866455","73.5899963378906","9.64000034332275",17500,"17570",4.9
"4447","Madison","WI","53708-8680",-89.4045,43.0716,"University of Wisconsin Colleges",3942,4452,5513,59193.28,"13105","NULL","5183","12167","NULL","9387","NULL",2,2,"2",1,"NULL","0","0","0","0","0","0","0","0.9899","0.9899","NULL","23","11827","0.56999999284744",0.09000000357627,94.7900009155273,"1.32000005245208","1.57000005245208","2.10999989509582","96.9199981689453","4.42999982833862",6349.5,"10847",10.1
"589","Rocklin","CA","95677-3397",-121.2126,38.7928,"Sierra College",1084,3674,7123,21712.73,"13157","NULL","1150","6190","NULL","7601","NULL",2,2,"2",1,"NULL","0","0","0","0","0","0","0","NULL","NULL","NULL","NULL","17195","0.62000000476837",0.25,83.0500030517578,"3.24000000953674","4.23999977111816","10.5200004577636","89.75","6.48999977111816",8917,"PrivacySuppressed",19.2
"2876","Glen Cove","NY","11542-1398",-73.6448,40.8844,"Webb Institute",0,30893,9175,104853.23,"18520","NULL","42750","42750","NULL","NULL","16128",3,3,"3",2,"NULL","0","0","0","0","0","0","0","0.2952","0.2952","765","35","82","0.14000000059604",0,84.5899963378906,"4.98000001907348","4.40999984741211","10.25","84.4700012207031","4.42000007629394",NA,"PrivacySuppressed",0
"6046","Detroit","MI","48207-4291",-83.0172,42.3365,"Everest Institute-Detroit",9130,3860,NA,20837.81,"NULL","26461","NULL","NULL","18556","NULL","21011",1,1,"1",3,"NULL","0","0","0","0","0","0","0","NULL","NULL","NULL","NULL","494","0.82999998331069",0.18999999761581,46.5499992370605,"43.6399993896484","1.95000004768371","10.039999961853","91.1299972534179","14.0100002288818",9500,"9500",21.4
"3691","Providence","RI","02903-3052",-71.4223,41.8217,"Empire Beauty School-Providence",8629,9682,NA,36857.6,"NULL","18504","NULL","NULL","16500","NULL","14058",1,1,"1",3,"NULL","0","0","0","0","0","0","0","NULL","NULL","NULL","NULL","135","0.93999999761581",0.15000000596046,79.3899993896484,"6.5","2.72000002861022","12","82.4400024414062","11.2399997711181",6837,"9833",17.4
"876","Jacksonville","FL","32211-3394",-81.6071,30.3503,"Jacksonville University",12056,8135,6923,68702.63,"42459","NULL","29900","29900","NULL","NULL","21216",4,3,"3",2,"NULL","0","0","0","0","0","0","0","0.4737","0.4737","560","NULL","3360","0.61000001430511",0.2199999988079,76.5199966430664,"16.2600002288818","2.44000005722045","7","90.0699996948242","7.67000007629394",15000,"22334",7.7
"3569","Philadelphia","PA","19114-1014",-75.0113,40.0905,"Orleans Technical Institute",7779,3085,3193,22122.52,"NULL","21058","NULL","NULL","10850","NULL","15907",2,1,"1",2,"NULL","0","0","0","0","0","0","0","0.7951","0.7951","NULL","NULL","548","0.17000000178813",0.17000000178813,42.7099990844726,"45.8499984741211","3.98000001907348","8.86999988555908","88.3600006103515","18.7299995422363",7521,"7521",21.8
"4009","San Antonio","TX","78216-8216",-98.5078,29.4949,"Mims Classic Beauty College",713,730,NA,17882.64,"NULL","11322","NULL","NULL","10100","NULL","7097",1,1,"1",3,"NULL","0","0","0","0","0","0","0","NULL","NULL","NULL","NULL","53","0.94999998807907",0.28999999165534,73.3000030517578,"4.94999980926513","1.48000001907348","50.0999984741211","87.870002746582","10.8800001144409",2625,"NULL",63.6
"1569","Bowling Green","KY","42101-3601",-86.4767,36.9848,"Southcentral Kentucky Community and Technical College",1522,4648,4290,28744.81,"11295","NULL","3456","12096","NULL","6327","NULL",2,1,"1",1,"NULL","0","0","0","0","0","0","0","NULL","NULL","NULL","NULL","3122","0.56999999284744",0.27000001072883,91.3799972534179,"5.96000003814697","0.63999998569488","1.64999997615814","97.3199996948242","12.5100002288818",8210,"14642.5",32.1
"3018","Wilson","NC","27893-3310",-77.8929,35.7311,"Wilson Community College",767,5256,5041,18276.25,"12868","NULL","2393","8537","NULL","8156","NULL",2,2,"2",1,"NULL","0","0","0","0","0","0","0","NULL","NULL","NULL","NULL","1694","0.77999997138977",0.23999999463558,54.1699981689453,"40.5","0.41999998688697","6.53000020980835","94.1900024414062","14.869999885559",4350,"6500",0
"6736","Chapel Hill","NC","27516",-79.0586,35.9125,"Aveda Institute-Chapel Hill",14446,4984,NA,NA,"NULL","18830","NULL","NULL","19750","NULL","15838",1,1,"1",3,"NULL","0","0","0","0","0","0","0","NULL","NULL","NULL","NULL","156","NULL",NA,NA,"NULL","NULL","NULL","NULL","NULL",9833,"9833",14.1
"4125","Cedar City","UT","84720",-113.0644,37.6799,"Evans Hairstyling College-Cedar City",4190,1356,NA,28820.51,"NULL","10143","NULL","NULL","12500","NULL","6140",1,1,"1",3,"NULL","0","0","0","0","0","0","0","NULL","NULL","NULL","NULL","33","0.99000000953674",0.40999999642372,92.4499969482422,"0.68999999761581","0.74000000953674","5.17999982833862","95.5500030517578","11.0900001525878",NA,"PrivacySuppressed",17.7
"6025","Arlington","TX","76011",-97.0687,32.7437,"Everest College-Arlington",9260,5260,3694,18640.31,"27697","NULL","14976","14976","NULL","NULL","22554",2,1,"1",3,"NULL","0","0","0","0","0","0","0","NULL","NULL","NULL","NULL","643","0.79000002145767",0.2199999988079,57.9900016784668,"26.8799991607666","2.84999990463256","17.1499996185302","86.2699966430664","15.5200004577636",9500,"10944",23.9
"2844","Potsdam","NY","13676-2294",-74.9769,44.6629,"SUNY College at Potsdam",4551,11647,6194,67792.03,"19829","NULL","7174","16624","NULL","14117","NULL",4,3,"3",1,"NULL","0","0","0","0","0","0","0","0.6837","0.6837","NULL","NULL","3683","0.57999998331069",0.05999999865889,89.5800018310547,"4.73999977111816","1.33000004291534","3.86999988555908","93.2399978637695","9.07999992370605",19500,"26000",8
"2195","Jackson","MS","39210-0001",-90.1781,32.3231,"Millsaps College",11691,13004,6984,79495.99,"44435","NULL","32520","32520","NULL","NULL","23321",4,3,"3",2,"71","0","0","0","0","0","0","0","0.4745","0.4745","620","26","734","0.4699999988079",0.03999999910593,70.1999969482422,"25.2999992370605","1.66999995708465","3.85999989509582","95.2799987792968","11.25",21750,"27000",5.6
"146","Batesville","AR","72501",-91.6281,35.7789,"Lyon College",9863,11002,6354,61878.9,"33355","NULL","23594","23594","NULL","NULL","12350",3,3,"3",2,"66","0","0","0","0","0","0","0","0.5898","0.5898","610","24","570","0.56999999284744",0.07999999821186,88.7099990844726,"6.86999988555908","0.93000000715255","3.13000011444091","96.8199996948242","10.3800001144409",12000,"25000",9.8
"2715","Flushing","NY","11354-5577",-73.8301,40.7605,"Long Island Business Institute",17172,7577,3663,20581.02,"19536","NULL","14259","14259","NULL","NULL","13115",2,2,"2",3,"NULL","0","0","0","0","0","0","0","NULL","NULL","NULL","NULL","416","0.70999997854232",0.49000000953674,47.9199981689453,"8.53999996185302","28.2199993133544","23.7900009155273","50.0800018310547","12",14157.5,"17199",8.2
"4374","Morgantown","WV","26501",-79.9573,39.6112,"Monongalia County Technical Education Center",3725,26867,NA,19023.53,"NULL","12815","NULL","NULL","3945","8082","NULL",1,1,"1",1,"NULL","0","0","0","0","0","0","0","0.8485","0.8485","NULL","NULL","84","0.69999998807907",0.33000001311302,95.5599975585937,"2.14000010490417","1","0.73000001907348","97.5999984741211","12.5200004577636",NA,"NULL",0
"2945","Charlotte","NC","28216-5398",-80.8548,35.2434,"Johnson C Smith University",10822,6837,6158,45964.04,"30314","NULL","18236","18236","NULL","NULL","17384",3,3,"3",2,"NULL","1","0","0","0","0","0","0","0.3668","0.3668","450","NULL","1382","0.58999997377395",0,47.1100006103515,"43.310001373291","2.73000001907348","8.22999954223632","88.3199996948242","12.0699996948242",18750,"32000",27.4
"2893","Polkton","NC","28135",-80.2111,35.0003,"South Piedmont Community College",1237,6128,4514,20576.5,"12956","NULL","2429","8581","NULL","7753","NULL",2,2,"2",1,"NULL","0","0","0","0","0","0","0","NULL","NULL","NULL","NULL","1921","0.75999999046325",0.28000000119209,67.1800003051757,"28.6499996185302","0.63999998569488","4.84999990463256","95","10.369999885559",NA,"PrivacySuppressed",0
"5459","Saint George","UT","84770-0000",-113.607,37.0832,"Hairitage Hair Academy",5506,5010,NA,27180.52,"NULL","7234","NULL","NULL","7900","NULL","2027",1,1,"1",3,"NULL","0","0","0","0","0","0","0","NULL","NULL","NULL","NULL","53","0.97000002861022",0.34999999403953,92.4400024414062,"0.23999999463558","0.44999998807907","6.17999982833862","94.5500030517578","8.47000026702881",NA,"NULL",0
"2739","Schenectady","NY","12304",-73.9034,42.7793,"Modern Welding School",12125,6145,NA,31354.83,"NULL","17215","NULL","NULL","14300","NULL","12783",1,1,"1",3,"NULL","0","0","0","0","0","0","0","NULL","NULL","NULL","NULL","103","0.03999999910593",0.15000000596046,89.1299972534179,"6.38999986648559","1.51999998092651","3.05999994277954","94.3000030517578","8.02000045776367",7019,"9449.5",26.2
"6039","Prescott Valley","AZ","86314",-112.2862,34.5989,"Northcentral University",12785,1813,5890,NA,"NULL","NULL","NULL","NULL","NULL","NULL","NULL",4,3,"3",3,"NULL","0","0","0","0","0","0","0","NULL","NULL","NULL","NULL","250","NULL",NA,NA,"NULL","NULL","NULL","NULL","NULL",8599.5,"15625",7
"5106","Joshua Tree","CA","92252",-116.2139,34.1405,"Copper Mountain Community College",274,4897,8489,18795.45,"13951","NULL","1105","5689","NULL","8272","NULL",2,2,"2",1,"NULL","0","0","0","0","0","0","0","NULL","NULL","NULL","NULL","1479","0.72000002861022",0.37999999523162,80.1800003051757,"5.09000015258789","2.35999989509582","13.2399997711181","92.5599975585937","15.0200004577636",7743.5,"20091",16.9
"1458","Clinton","IA","52733-2967",-90.1991,41.8519,"Ashford University",12379,758,5753,56029.94,"26047","NULL","10312","10312","NULL","NULL","20983",4,3,"3",3,"NULL","0","0","0","0","0","0","0","NULL","NULL","NULL","NULL","50403","0.73000001907348",0.56000000238418,75.7799987792968,"13.1899995803833","3.13000011444091","10.8400001525878","89.7699966430664","8.59000015258789",11190,"32813",15.3
"3993","Laredo","TX","78040",-99.4758,27.5238,"Laredo Beauty College Inc",3362,2673,NA,15734.53,"NULL","8915","NULL","NULL","8750","NULL","4495",1,1,"1",3,"NULL","0","0","0","0","0","0","0","NULL","NULL","NULL","NULL","283","0.94999998807907",0.49000000953674,81.8399963378906,"0.43000000715255","0.33000001311302","94.3499984741211","69.75","29.4799995422363",2500,"NULL",0
"7234","Miami","FL","33147-6304",-80.2253,25.8391,"D A Dorsey Educational Center",3050,17749,NA,NA,"NULL","8801","NULL","NULL","4608","7404","NULL",1,1,"1",1,"NULL","0","0","0","0","0","0","0","NULL","NULL","NULL","NULL","85","NULL",NA,NA,"NULL","NULL","NULL","NULL","NULL",NA,"NULL",0
"1135","Chicago","IL","60628-1598",-87.6103,41.7188,"Chicago State University",8139,14592,7512,25960.58,"18472","NULL","9032","15424","NULL","10373","NULL",4,3,"3",1,"NULL","0","1","0","0","0","0","0","0.2865","0.2865","530","20","4321","0.72000002861022",0.10000000149011,24.2399997711181,"66.2399978637695","1.65999996662139","11.3500003814697","90.7200012207031","17.2199993133544",20862.5,"27499",13.8
"6925","Gretna","LA","70056",-90.0301,29.9027,"My Le's Beauty College",3056,1047,NA,NA,"NULL","13164","NULL","NULL","7125","NULL","10571",1,1,"1",3,"NULL","0","0","0","0","0","0","0","NULL","NULL","NULL","NULL","35","NULL",NA,NA,"NULL","NULL","NULL","NULL","NULL",NA,"NULL",0
"6403","Champaign","IL","61822",-88.2517,40.1414,"Regency Beauty Institute-Champaign",16795,9928,NA,NA,"NULL","25378","NULL","NULL","16200","NULL","21734",1,1,"1",3,"NULL","0","0","0","0","0","0","0","NULL","NULL","NULL","NULL","78","NULL",NA,NA,"NULL","NULL","NULL","NULL","NULL",9500,"14144",14.9
"737","West Hartford","CT","06110-1922",-72.7258,41.727,"Fox Institute of Business-West Hartford",11209,3602,NA,26322.08,"NULL","17514","NULL","NULL","18520","NULL","13764",1,1,"1",3,"NULL","0","0","0","0","0","0","0","NULL","NULL","NULL","NULL","327","0.79000002145767",0.17000000178813,59.9099998474121,"19.9400005340576","2.51999998092651","22.7299995422363","74.7399978637695","14.5200004577636",10058,"12340",17.1
"6828","Wichita","KS","67210",-97.2435,37.6433,"Heritage College-Wichita",7729,2051,2180,NA,"NULL","20956","NULL","NULL","23513","NULL","17458",1,1,"1",3,"NULL","0","0","0","0","0","0","0","NULL","NULL","NULL","NULL","390","NULL",NA,NA,"NULL","NULL","NULL","NULL","NULL",9500,"13583",12
"921","Fort Lauderdale","FL","33314-7796",-80.2425,26.0793,"Nova Southeastern University",16935,10921,9482,45894.94,"40783","NULL","25430","25430","NULL","NULL","27998",4,3,"3",2,"NULL","0","0","0","0","0","1","0","0.5746","0.5746","600","26","5053","0.74000000953674",0.23999999463558,71.9300003051757,"18.4799995422363","2.5","24.1900005340576","71.4499969482422","9.19999980926513",19482,"26500",3.5
"6159","Columbia","SC","29209",-81.0877,34.0333,"Kenneth Shuler School of Cosmetology-Columbia",8967,3340,NA,23732.53,"NULL","16900","NULL","NULL","16750","NULL","11475",1,1,"1",3,"NULL","0","0","0","0","0","0","0","NULL","NULL","NULL","NULL","119","0.97000002861022",0.17000000178813,61.6699981689453,"34.6199989318847","1.30999994277954","2.45000004768371","95.7399978637695","10.6300001144409",6333,"9500",9.5
"6202","Springfield","MO","65803",-93.2913,37.2299,"Professional Massage Training Center",16908,5831,NA,40129.64,"NULL","35260","NULL","NULL","18594","NULL","32009",1,1,"1",3,"NULL","0","0","0","0","0","0","0","NULL","NULL","NULL","NULL","57","0.81999999284744",0.25,94.6500015258789,"1.69000005722045","0.75999999046325","1.75999999046325","97.7200012207031","8.81999969482422",9500,"9500",30.6
"6465","Westerville","OH","43081",-82.9002,40.0831,"Fortis College-Columbus",9119,4301,6991,NA,"22707","NULL","13489","13489","NULL","NULL","17667",2,1,"1",3,"NULL","0","0","0","0","0","0","0","NULL","NULL","NULL","NULL","628","NULL",NA,NA,"NULL","NULL","NULL","NULL","NULL",9866.5,"12868",12.1
"6074","Las Vegas","NV","89106",-115.1648,36.1938,"Expertise Cosmetology Institute",7685,13291,NA,12657.73,"NULL","22111","NULL","NULL","17930","NULL","16561",1,1,"1",2,"NULL","0","0","0","0","0","0","0","NULL","NULL","NULL","NULL","29","0.94999998807907",0.17000000178813,64.8399963378906,"15.3000001907348","4.19999980926513","24.9500007629394","80.3000030517578","9.98999977111816",8450,"8450",27.8
"1556","Pippa Passes","KY","41844",-82.8751,37.3351,"Alice Lloyd College",7142,4532,4454,36041.15,"19450","NULL","10620","10620","NULL","NULL","9014",3,3,"3",2,"NULL","0","0","0","0","0","0","0","0.4502","0.4502","540","23","617","0.52999997138977",0.03999999910593,97.620002746582,"1.25","0.23999999463558","0.77999997138977","99.3199996948242","24.5100002288818",6700,"17000",11.6
"5174","Monaca","PA","15061",-80.314,40.6743,"DCI Career Institute",14098,3762,NA,22853.77,"NULL","19555","NULL","NULL","13045","NULL","15672",1,1,"1",3,"NULL","0","0","0","0","0","0","0","NULL","NULL","NULL","NULL","107","0.87000000476837",0.28999999165534,92.1999969482422,"6.17000007629394","0.27000001072883","0.72000002861022","97.9899978637695","7.92000007629394",9500,"9500",6.9
"386","Berkeley","CA","94709",-122.2618,37.8755,"Graduate Theological Union",7850,4270,7045,NA,"NULL","NULL","NULL","NULL","NULL","NULL","NULL",4,4,"3",2,"NULL","0","0","0","0","0","0","0","NULL","NULL","NULL","NULL","NULL","PrivacySuppressed",NA,NA,"PrivacySuppressed","PrivacySuppressed","PrivacySuppressed","PrivacySuppressed","PrivacySuppressed",NA,"NULL",0
"2545","Albuquerque","NM","87112-4413",-106.5327,35.0963,"De Wolff College Hair Styling and Cosmetology",4694,4747,NA,23560.91,"NULL","12509","NULL","NULL","14230","NULL","8601",1,1,"1",3,"NULL","0","0","0","0","0","0","0","NULL","NULL","NULL","NULL","86","0.9200000166893",0.30000001192092,68.5,"2.63000011444091","1.55999994277954","44.8899993896484","90.5999984741211","11.8900003433227",5500,"7500",21.5
"4599","Drumright","OK","74030",-96.5853,35.9943,"Central Technology Center",8054,32858,NA,18948.08,"NULL","11218","NULL","NULL","2194","1724","NULL",1,1,"1",1,"NULL","0","0","0","0","0","0","0","NULL","NULL","NULL","NULL","279","0.75999999046325",0.40000000596046,81.5,"3.4300000667572","0.23000000417232","1.86000001430511","98.7300033569336","11.3000001907348",NA,"NULL",0
"2971","Asheville","NC","28804-8510",-82.5653,35.6166,"University of North Carolina at Asheville",6151,9085,7371,60962.62,"17468","NULL","6241","20063","NULL","11765","NULL",4,3,"3",1,"NULL","0","0","0","0","0","0","0","0.6403","0.6403","640","27","3323","0.61000001430511",0.07000000029802,83.5400009155273,"11.6700000762939","1.40999996662139","3.88000011444091","94","7.94000005722046",15772.5,"20508",7.3
"3509","Philadelphia","PA","19106",-75.1473,39.9529,"Hussian School of Art",14685,2365,NA,74846.7,"20583","NULL","14600","14600","NULL","NULL","17616",2,2,"2",3,"NULL","0","0","0","0","0","0","0","0.481","0.481","NULL","NULL","86","0.44999998807907",0,83.1900024414062,"10.289999961853","3.06999993324279","3.81999993324279","92.2399978637695","5.76000022888183",27000,"27000",5.8
"3181","Toledo","OH","43613",-83.5198,41.6606,"Toledo Public Schools Adult and Continuing Education",2085,4867,NA,25218.33,"NULL","16210","NULL","NULL","15400","13416","NULL",1,1,"1",1,"NULL","0","0","0","0","0","0","0","NULL","NULL","NULL","NULL","145","0.75",0.27000001072883,69.4800033569336,"25.1700000762939","1.12000000476837","4.30000019073486","96.3000030517578","12.6000003814697",9497,"9500",17.5
"3897","Nashville","TN","37210",-86.7536,36.1421,"Trevecca Nazarene University",12553,7133,6337,65129.33,"30820","NULL","22330","22330","NULL","NULL","16904",4,3,"3",2,"59","0","0","0","0","0","0","0","0.772","0.772","570","25","1448","0.54000002145767",0.23999999463558,82.7399978637695,"12.4399995803833","1.40999996662139","3.78999996185302","94.7200012207031","7.88999986648559",16250,"18750",4.3
"915","Lake Worth","FL","33463-2113",-80.1131,26.6311,"Academy of Healing Arts Massage & Facial Skin Care",4490,2066,NA,24578.36,"NULL","12132","NULL","NULL","9550","NULL","11616",1,1,"1",3,"NULL","0","0","0","0","0","0","0","NULL","NULL","NULL","NULL","98","0.85000002384185",0.28999999165534,76.7900009155273,"13.1700000762939","1.44000005722045","20.0200004577636","75.8000030517578","8.8100004196167",6500,"6580",36.2
"968","Lake Wales","FL","33859-8797",-81.6,27.8258,"Warner University",4616,3166,4638,48240.15,"28555","NULL","18430","18430","NULL","NULL","15810",4,3,"3",2,"57","0","0","0","0","0","0","0","0.3378","0.3378","500","NULL","1023","0.64999997615814",0.34000000357627,78.2399978637695,"13.329999923706","1.36000001430511","12.5","87.8499984741211","9.85000038146972",15306,"24375",11.9
"3851","Cookeville","TN","38501-1907",-85.4856,36.1765,"Genesis Career College-Cookeville",18,694,NA,17710.93,"NULL","14778","NULL","NULL","12995","NULL","10666",1,1,"1",3,"NULL","0","0","0","0","0","0","0","NULL","NULL","NULL","NULL","518","0.98000001907348",0.31999999284744,96.0100021362304,"1.41999995708465","0.56000000238418","1.87999999523162","97.5299987792969","11.5500001907348",6333,"8500",7.7
"7106","Findlay","OH","45840",-83.6181,41.0523,"The Artisan College of Cosmetology",14037,5840,NA,NA,"NULL","12672","NULL","NULL","15200","NULL","9836",1,1,"1",3,"NULL","0","0","0","0","0","0","0","NULL","NULL","NULL","NULL","30","NULL",NA,NA,"NULL","NULL","NULL","NULL","NULL",10413,"10500",0
"2795","New York","NY","10001",-73.9865,40.7489,"Empire Beauty School-Manhattan",10255,7976,NA,25957.2,"NULL","19217","NULL","NULL","14290","NULL","15012",1,1,"1",3,"NULL","0","0","0","0","0","0","0","NULL","NULL","NULL","NULL","665","0.93000000715255",0.17000000178813,39.5200004577636,"35.8699989318847","6.32000017166137","26.3099994659423","62.7999992370605","20.9300003051757",7392,"9522",16.5
"1432","Cedar Rapids","IA","52404",-91.7135,41.9496,"Kaplan University-Cedar Rapids Campus",9148,2677,4884,24105.78,"24916","NULL","15352","15352","NULL","NULL","18026",4,2,"3",3,"NULL","0","0","0","0","0","0","0","NULL","NULL","NULL","NULL","483","0.76999998092651",0.25,87.8300018310547,"6.96999979019165","1.47000002861022","3.66000008583068","95.5899963378906","7.30999994277954",12667,"30500",20.4
"2667","Buffalo","NY","14201-1084",-78.8904,42.9023,"D'Youville College",16950,8975,6071,51654.16,"32741","NULL","22850","22850","NULL","NULL","18288",4,3,"3",2,"NULL","0","0","0","0","0","0","0","0.7908","0.7908","560","NULL","1855","0.77999997138977",0.12999999523162,77.6100006103515,"15.9700002670288","1.61000001430511","5.15000009536743","92.6999969482422","12.1099996566772",20325,"26000",8.2
"5757","Los Angeles","CA","90010",-118.3449,34.0687,"CBD College",7248,2736,5893,6154.07,"NULL","21194","NULL","NULL","21927","NULL","16958",2,1,"1",2,"NULL","0","0","0","0","0","0","0","NULL","NULL","NULL","NULL","230","0.62000000476837",0.77999997138977,58.4500007629394,"3.19000005722045","12.4600000381469","31.7099990844726","44.75","19.2800006866455",13000,"13000",8.1
"2921","Davidson","NC","28035",-80.8452,35.5,"Davidson College",19936,17631,11706,118112.31,"54930","NULL","42849","42849","NULL","NULL","19143",3,3,"3",2,"66","0","0","0","0","0","0","0","0.2561","0.2561","710","NULL","1782","0.51999998092651",0,77.4400024414062,"14.2399997711181","3.41000008583068","7.01999998092651","88.3399963378906","6.36999988555908",15750,"16662.5",2.2
"5978","North Charleston","SC","29406",-80.0081,32.8711,"Southeastern Institute-Charleston",9534,3216,NA,35884.39,"NULL","20786","NULL","NULL","15584","NULL","18431",1,1,"1",3,"NULL","0","0","0","0","0","0","0","0.7395","0.7395","NULL","NULL","229","0.79000002145767",0.37000000476837,68.3399963378906,"27.5100002288818","1.39999997615814","2.40000009536743","95.4000015258789","9.53999996185302",9500,"9500",13
"1023","Fort Valley","GA","31030-4313",-83.8955,32.5382,"Fort Valley State University",2973,5209,6189,42540.16,"19801","NULL","6438","18640","NULL","14220","NULL",4,3,"3",1,"NULL","1","0","0","0","0","0","0","0.3273","0.3273","450","18","2805","0.51999998092651",0.05999999865889,47.0499992370605,"47.6500015258789","1.5","4.69000005722045","93.2699966430664","13.1700000762939",19000,"35500",24.2
"6208","Orlando","FL","32809",-81.2792,28.7725,"Southern Technical College",14714,2567,3663,17521.74,"NULL","21404","NULL","NULL","32275","NULL","13205",2,2,"2",3,"NULL","0","0","0","0","0","0","0","NULL","NULL","NULL","NULL","1502","0.54000002145767",0.31999999284744,64.4499969482422,"20.3999996185302","3.19000005722045","23.2299995422363","74.9499969482422","9.98999977111816",16492,"19702",16.2
"3556","Dallas","PA","18612-1098",-75.971,41.3448,"Misericordia University",15841,7162,7112,70680.66,"38504","NULL","28210","28210","NULL","NULL","24452",4,3,"3",2,"30","0","0","0","0","0","0","0","0.6489","0.6489","580","26","2362","0.72000002861022",0.14000000059604,93.8499984741211,"3.17000007629394","1.12000000476837","2.34999990463256","95.7099990844726","6.88999986648559",22212.5,"27000",6.8
"1006","Atlanta","GA","30318",-84.4144,33.8073,"Brown College of Court Reporting",11441,5161,3213,45131.25,"28860","NULL","12900","12900","NULL","NULL","24427",2,1,"1",3,"NULL","0","0","0","0","0","0","0","0.8182","0.8182","NULL","NULL","233","0.93999999761581",0.37999999523162,66.9899978637695,"25.1000003814697","2.75999999046325","7.40000009536743","89.4499969482422","8.30000019073486",15300,"PrivacySuppressed",12.1
"6206","Cape Girardeau","MO","63701",-89.5471,37.3056,"eClips School of Cosmetology and Barbering",9995,5266,NA,16594.09,"NULL","25293","NULL","NULL","10950","NULL","20751",1,1,"1",3,"NULL","0","0","0","0","0","0","0","NULL","NULL","NULL","NULL","114","0.4699999988079",0.28999999165534,81.7399978637695,"15.7600002288818","0.6700000166893","1.05999994277954","98.3300018310547","10.3900003433227",9500,"9500",42.8
"3497","Philadelphia","PA","19154",-74.9718,40.085,"Empire Beauty School-NE Philadelphia",9936,6282,NA,31725.08,"NULL","18811","NULL","NULL","15372","NULL","15160",1,1,"1",3,"NULL","0","0","0","0","0","0","0","NULL","NULL","NULL","NULL","211","0.93999999761581",0.14000000059604,69.1999969482422,"18.2700004577636","4.67000007629394","10.3400001525878","85.0899963378906","11.4799995422363",7000,"10029",17.1
"4348","Bellingham","WA","98226",-122.4958,48.7959,"Whatcom Community College",2673,5401,5933,25651.5,"12200","NULL","4465","9700","NULL","6579","NULL",2,2,"2",1,"NULL","0","0","0","0","0","0","0","NULL","NULL","NULL","NULL","2971","0.61000001430511",0.17000000178813,87.2399978637695,"1.17999994754791","3.1800000667572","5.82999992370605","89.4300003051757","8.3100004196167",7650,"11000",14.3
"6608","Landover","MD","20785-2223",-76.8664,38.9499,"Fortis College-Landover",8610,3340,5367,NA,"25415","NULL","14818","14818","NULL","NULL","20456",2,1,"1",3,"NULL","0","0","0","0","0","0","0","NULL","NULL","NULL","NULL","487","NULL",NA,NA,"NULL","NULL","NULL","NULL","NULL",11484,"13795",13.6
"5488","Alexandria","VA","22312",-77.1426,38.8027,"CET-Alexandria",5437,6193,NA,17218.54,"NULL","22756","NULL","NULL","8707","NULL","18881",1,1,"1",2,"NULL","0","0","0","0","0","0","0","NULL","NULL","NULL","NULL","169","0.49000000953674",0.34999999403953,45.7299995422363,"17.8799991607666","6.26000022888183","49.2999992370605","69.3399963378906","17.1100006103515",5250,"5450",22.2
"1400","Angola","IN","46703-1764",-85.0057,41.6334,"Trine University",10936,5574,7319,64548.72,"40679","NULL","28850","28850","NULL","NULL","21183",4,3,"3",2,"NULL","0","0","0","0","0","0","0","0.711","0.7157","620","28","1431","0.44999998807907",0.11999999731779,90.1399993896484,"5.78000020980835","0.77999997138977","3.80999994277954","96.6399993896484","5.96999979019165",16950,"26063",8.5
"5393","Aguadilla","PR","00605",-67.1415,18.4441,"Automeca Technical College-Aguadilla",2067,1081,NA,15879.92,"10877","NULL","7256","7256","NULL","NULL","5278",1,1,"1",3,"NULL","0","0","0","0","0","0","0","NULL","NULL","NULL","NULL","211","0.02999999932944",0.15999999642372,82.4000015258789,"6.84000015258789","0.17000000178813","98.9899978637695","70.5","45.8499984741211",1750,"1750",23.3
"4099","Harlingen","TX","78550-3697",-97.6663,26.2193,"Texas State Technical College-Harlingen",1056,5702,4270,23176.1,"15157","NULL","3264","6504","NULL","9654","NULL",2,2,"2",1,"NULL","0","0","0","0","0","0","0","NULL","NULL","NULL","NULL","3241","0.49000000953674",0.2199999988079,77.5100021362304,"0.93000000715255","0.5","80.8000030517578","78.620002746582","26.25",4168,"6562.5",22.2
"164","Forrest City","AR","72335-2204",-90.7674,35.0397,"East Arkansas Community College",1456,5340,5208,20636.06,"8767","NULL","2520","3270","NULL","3051","NULL",2,1,"1",1,"NULL","0","0","0","0","0","0","0","NULL","NULL","NULL","NULL","922","0.68999999761581",0.23000000417232,57.0299987792968,"40.7999992370605","0.43000000715255","3.15000009536743","99.1600036621094","20.8999996185302",2250,"3197",24.4
"2976","Winston-Salem","NC","27117-2189",-80.2366,36.0748,"University of North Carolina School of the Arts",11470,20892,6953,83619.14,"19666","NULL","8271","21416","NULL","11759","NULL",4,3,"3",1,"NULL","0","0","0","0","0","0","0","0.4521","0.4521","610","26","792","0.38999998569488",0.00999999977648,78.0400009155273,"14.0200004577636","2.99000000953674","6.65000009536743","90.5999984741211","6.51999998092651",19500,"26187.5",6
"2214","Tougaloo","MS","39174",-90.1594,32.4027,"Tougaloo College",7470,5739,4683,35243.71,"20179","NULL","10227","10227","NULL","NULL","11263",3,3,"3",2,"76","1","0","0","0","0","0","0","0.3551","0.3551","447","19","877","0.68999999761581",0.00999999977648,40.310001373291,"56.1199989318847","0.87000000476837","3.31999993324279","96.7799987792969","18.7399997711181",23537,"34500",18.4
"4364","Elkins","WV","26241-3996",-79.8464,38.9287,"Davis & Elkins College",11611,7794,5456,53289.57,"32812","NULL","24992","24992","NULL","NULL","16575",3,3,"3",2,"66","0","0","0","0","0","0","0","0.5734","0.5734","540","22","866","0.70999997854232",0.15999999642372,94.0899963378906,"3.42000007629394","0.85000002384185","1.40999996662139","97.5199966430664","12.1499996185302",14250,"23500",14.8
"6675","Mesa","AZ","85202",-111.8625,33.3926,"Regency Beauty Institute-Mesa",11374,6724,NA,NA,"NULL","25095","NULL","NULL","17300","NULL","20977",1,1,"1",3,"NULL","0","0","0","0","0","0","0","NULL","NULL","NULL","NULL","61","NULL",NA,NA,"NULL","NULL","NULL","NULL","NULL",9500,"14144",14.9
"689","Colorado Springs","CO","80918-3684",-104.7863,38.9136,"International Salon and Spa Academy",5806,759,NA,32056.01,"NULL","15662","NULL","NULL","15565","NULL","13448",1,1,"1",3,"NULL","0","0","0","0","0","0","0","NULL","NULL","NULL","NULL","205","0.93999999761581",0.34999999403953,79.6600036621093,"6.8600001335144","2.40000009536743","13.6999998092651","90.2600021362304","6.71000003814697",6333,"6333",17
"5395","Clarksville","TN","37042",-87.4467,36.6279,"North Central Institute",5114,4095,3328,24208.14,"NULL","20780","NULL","NULL","15120","NULL","18075",2,1,"1",3,"NULL","0","0","0","0","0","0","0","NULL","NULL","NULL","NULL","134","0.07999999821186",0.44999998807907,72.7600021362304,"19.079999923706","1.51999998092651","6.26999998092651","91.3600006103515","9.72999954223632",NA,"9500",25
"15","Enterprise","AL","36330-1300",-85.837,31.2975,"Enterprise State Community College",2129,5930,6257,27318.59,"10193","NULL","3780","6888","NULL","5048","NULL",2,2,"2",1,"NULL","0","0","0","0","0","0","0","NULL","NULL","NULL","NULL","1984","0.52999997138977",0.25,74.0800018310547,"21.0499992370605","1.20000004768371","3.25999999046325","94.8000030517578","13.1599998474121",6000,"11073",25
"6408","Bronx","NY","10458",-73.8973,40.861,"Brittany Beauty School",11829,1351,NA,NA,"NULL","22042","NULL","NULL","12600","NULL","17025",1,1,"1",3,"NULL","0","0","0","0","0","0","0","NULL","NULL","NULL","NULL","176","NULL",NA,NA,"NULL","NULL","NULL","NULL","NULL",7916,"8075",29.5
"2431","West Lebanon","NH","03784-2003",-72.3057,43.6441,"New England School of Hair Design Inc",435,7564,NA,41971.35,"NULL","26715","NULL","NULL","16743","NULL","23193",1,1,"1",3,"NULL","0","0","0","0","0","0","0","NULL","NULL","NULL","NULL","57","1",0.12999999523162,97.5599975585937,"0.34999999403953","0.62999999523162","0.75","96.5899963378906","6.1100001335144",9414,"9833",22.2
"6810","North Charleston","SC","29406",-80.0231,32.9061,"Virginia College-Charleston",22620,8008,2831,NA,"20008","NULL","13330","13330","NULL","NULL","16224",2,1,"2",3,"NULL","0","0","0","0","0","0","0","1","NULL","NULL","NULL","425","NULL",NA,NA,"NULL","NULL","NULL","NULL","NULL",12380.5,"19000",22.2
"134","Phoenix","AZ","85032-7097",-112.0262,33.5951,"Arizona Christian University",10013,5656,4617,55267.87,"34444","NULL","21832","21832","NULL","NULL","22493",3,3,"3",2,"88","0","0","0","0","0","0","0","0.6076","0.6076","600","26","491","0.50999999046325",0.11999999731779,82.2699966430664,"2.34999990463256","2.39000010490417","19.7099990844726","87.5899963378906","7.19000005722046",13136.5,"22625",5.6
"1264","Chicago","IL","60655",-87.7135,41.7078,"Saint Xavier University",12927,8567,7886,65314.47,"35284","NULL","28970","28970","NULL","NULL","16238",4,3,"3",2,"30","0","0","0","0","0","0","0","0.5054","0.5054","545","24","2891","0.70999997854232",0.09000000357627,69.1999969482422,"20.8400001525878","2.07999992370605","12.0699996948242","87.6100006103515","7.51000022888183",19150,"25000",5.8
"5761","Fort Lauderdale","FL","33301-3510",-80.1422,26.122,"Atlantic Institute of Oriental Medicine",4620,2328,3692,NA,"NULL","NULL","NULL","NULL","NULL","NULL","NULL",4,3,"3",2,"NULL","0","0","0","0","0","0","0","NULL","NULL","NULL","NULL","27","PrivacySuppressed",NA,NA,"PrivacySuppressed","PrivacySuppressed","PrivacySuppressed","PrivacySuppressed","PrivacySuppressed",NA,"PrivacySuppressed",2.6
"365","Santa Barbara","CA","93105-3538",-119.7139,34.4344,"Fielding Graduate University",22349,13589,6026,NA,"NULL","NULL","NULL","NULL","NULL","NULL","NULL",4,4,"3",2,"NULL","0","0","0","0","0","0","0","NULL","NULL","NULL","NULL","NULL","PrivacySuppressed",NA,NA,"PrivacySuppressed","PrivacySuppressed","PrivacySuppressed","PrivacySuppressed","PrivacySuppressed",20500,"PrivacySuppressed",3
"3499","Gwynedd Valley","PA","19437-0901",-75.2381,40.1976,"Gwynedd Mercy University",15429,7436,7046,79474.28,"39051","NULL","29450","29450","NULL","NULL","23673",4,3,"3",2,"30","0","0","0","0","0","0","0","0.6591","0.6591","530","NULL","2031","0.76999998092651",0.17000000178813,80.3899993896484,"13.0500001907348","3.39000010490417","3.51999998092651","91.620002746582","5.94000005722045",20250,"26000",7.7
"6927","Charlton","MA","01507-1331",-71.9592,42.132,"Southern Worcester County Regional Voc School District",9738,12328,NA,NA,"NULL","24730","NULL","NULL","13500","21622","NULL",1,1,"1",1,"NULL","0","0","0","0","0","0","0","NULL","NULL","NULL","NULL","28","NULL",NA,NA,"NULL","NULL","NULL","NULL","NULL",9500,"9500",0
"4067","Alpine","TX","79832",-103.6506,30.3629,"Sul Ross State University",5807,6455,6180,34295.12,"17254","NULL","5436","13932","NULL","11064","NULL",4,3,"3",1,"NULL","0","0","0","0","0","1","0","0.522","0.522","500","20","2000","0.56000000238418",0.20999999344348,75.8199996948242,"3.4300000667572","0.75999999046325","61.7299995422363","80.2399978637695","20.6000003814697",10250,"16728",15.4
"4060","Uvalde","TX","78801-6297",-99.7412,29.2197,"Southwest Texas Junior College",1437,3721,5468,22824.44,"12070","NULL","1996","3988","NULL","6903","NULL",2,2,"2",1,"NULL","0","0","0","0","0","0","0","NULL","NULL","NULL","NULL","3872","0.62000000476837",0.23000000417232,73.2900009155273,"1.01999998092651","0.43999999761581","81.0999984741211","75.5699996948242","27.1599998474121",5500,"7000",23.2
"754","Winsted","CT","06098",-73.0593,41.921,"Northwestern Connecticut Community College",2854,8080,7052,35322.55,"10289","NULL","3786","11318","NULL","4866","NULL",2,2,"2",1,"NULL","0","0","0","0","0","0","0","NULL","NULL","NULL","NULL","1233","0.68999999761581",0.14000000059604,93.6500015258789,"2.08999991416931","1.42999994754791","3.21000003814697","93.0100021362304","4.03999996185302",3033,"PrivacySuppressed",4
"4633","Uniontown","PA","15401",-79.7417,39.861,"Fayette County Career & Technical Institute Practical Nursing Program",2036,36738,NA,29795.57,"NULL","12838","NULL","NULL","7968","8038","NULL",1,1,"1",1,"NULL","0","0","0","0","0","0","0","NULL","NULL","NULL","NULL","108","0.88999998569488",0.54000002145767,95.5299987792968,"3.27999997138977","0.20999999344348","0.4699999988079","98.9700012207031","12.1499996185302",8742,"8806",9
"2734","New York","NY","10002-6301",-73.9913,40.7138,"Mesivtha Tifereth Jerusalem of America",8603,22217,3434,32419.82,"14400","NULL","9500","9500","NULL","NULL","7900",4,3,"3",2,"80","0","0","0","0","0","0","0","0.8","0.8","NULL","NULL","50","0",0,70.1800003051757,"11.2100000381469","4.98999977111816","20.1599998474121","71.1999969482422","12.539999961853",NA,"NULL",0
"530","Malibu","CA","90263",-118.7077,34.0419,"Pepperdine University",25896,11299,11650,83597.93,"58772","NULL","44902","44902","NULL","NULL","24446",4,3,"3",2,"74","0","0","0","0","0","0","0","0.3734","0.3734","680","NULL","3516","0.56999999284744",0.05999999865889,73.7399978637695,"5.73999977111816","7.88000011444091","17.25","81.5400009155273","6.90000009536743",25000,"27000",2.2
"1284","Palos Heights","IL","60463-0929",-87.7842,41.6692,"Trinity Christian College",17333,10993,6506,78627.29,"33611","NULL","24435","24435","NULL","NULL","20439",3,3,"3",2,"42","0","0","0","0","0","0","0","0.9022","0.9022","630","26","1191","0.68999999761581",0.15000000596046,81.5199966430664,"11.2299995422363","2.35999989509582","7.34000015258789","91.5100021362304","4.86999988555908",21411,"25333",6
"442","Los Angeles","CA","90045-2659",-118.4157,33.9706,"Loyola Marymount University",29076,14921,10098,101494.67,"55432","NULL","40265","40265","NULL","NULL","34879",4,3,"3",2,"30","0","0","0","0","0","0","0","0.5412","0.5412","650","28","6087","0.58999997377395",0.00999999977648,62.5099983215332,"7.82000017166137","12.0100002288818","24.1700000762939","74.9700012207031","8.60000038146972",20201.5,"22299.5",3.9
"2698","New Rochelle","NY","10801-1890",-73.7856,40.9271,"Iona College",19064,8271,9082,94283.08,"44623","NULL","32770","32770","NULL","NULL","27754",4,3,"3",2,"30","0","0","0","0","0","0","0","0.9212","0.9212","560","NULL","3166","0.54000002145767",0.01999999955296,72.9599990844726,"12.9899997711181","4.63000011444091","14.8599996566772","78.1900024414062","7.96999979019165",21000,"25250",4.3
"5049","New Philadelphia","OH","44663-9450",-81.402,40.4705,"Buckeye Joint Vocational School",7004,8105,NA,19442.97,"NULL","11879","NULL","NULL","5670","6050","NULL",1,1,"1",1,"NULL","0","0","0","0","0","0","0","NULL","NULL","NULL","NULL","89","0.76999998092651",0.38999998569488,97.6299972534179,"0.99000000953674","0.20999999344348","0.6700000166893","98.7600021362304","8.0600004196167",NA,"NULL",0
"1548","Hutchinson","KS","67501",-97.9126,38.057,"Sidneys Hair Dressing College",7419,5641,NA,36065.13,"NULL","13977","NULL","NULL","13000","NULL","10296",1,1,"1",3,"NULL","0","0","0","0","0","0","0","NULL","NULL","NULL","NULL","48","0.98000001907348",0.23000000417232,92.0500030517578,"2.57999992370605","0.44999998807907","5.67999982833862","97.0400009155273","8.10000038146972",9702,"9702",7.2
"6091","Tucker","GA","30084",-84.2274,33.7489,"Omnitech Institute",13184,6711,NA,25517.5,"NULL","21644","NULL","NULL","15900","NULL","19246",1,1,"1",3,"NULL","0","0","0","0","0","0","0","NULL","NULL","NULL","NULL","92","0.31999999284744",0.18000000715255,32.3199996948242,"61.1500015258789","2.47000002861022","4.55999994277954","89.4300003051757","8.3100004196167",9500,"9500",24.9
"67","Palmer","AK","99645",-145.5262,62.113,"Alaska Bible College",5777,14539,2500,NA,"13380","NULL","9200","9200","NULL","NULL","9592",3,1,"1",2,"88","0","0","0","0","0","0","0","NULL","NULL","NULL","NULL","26","NULL",NA,NA,"NULL","NULL","NULL","NULL","NULL",NA,"PrivacySuppressed",0
"6580","Bryan","TX","77803",-96.3735,30.6754,"Manuel and Theresa's School of Hair Design-Bryan",2443,2839,NA,NA,"NULL","12395","NULL","NULL","15400","NULL","7495",1,1,"1",3,"NULL","0","0","0","0","0","0","0","NULL","NULL","NULL","NULL","25","NULL",NA,NA,"NULL","NULL","NULL","NULL","NULL",9500,"9500",18.7
"7371","Caguas","PR","00725-0000",-66.0506,18.2122,"National University College-Caguas",329,935,3021,NA,"14330","NULL","6495","6495","NULL","NULL","9912",0,0,"2",3,"NULL","0","0","0","0","0","0","0","0.8571","0.8427","NULL","NULL","920","NULL",NA,NA,"NULL","NULL","NULL","NULL","NULL",5500,"7533",11.4
"226","Pasadena","CA","91103",-118.1869,34.1708,"Art Center College of Design",29955,17117,6826,55123.2,"56400","NULL","36480","36480","NULL","NULL","43083",4,3,"3",2,"NULL","0","0","0","0","0","0","0","0.8167","0.8167","NULL","NULL","1742","0.34999999403953",0.03999999910593,60.4799995422363,"5.19999980926513","16.4599990844726","26.6599998474121","68.4599990844726","9.14999961853027",31000,"36187",7.2
"2851","Throggs Neck","NY","10465-4198",-73.8003,40.809,"SUNY Maritime College",6028,10198,6536,83846.41,"21493","NULL","7109","16559","NULL","17815","NULL",4,3,"3",1,"NULL","0","0","0","0","0","0","0","0.6396","0.6396","600","NULL","1565","0.11999999731779",0.02999999932944,78.6100006103515,"9.5","4.82999992370605","11.2200002670288","82.5500030517578","6.94999980926513",21980,"27000",6.5
"1522","Independence","KS","67301-0708",-95.7205,37.1956,"Independence Community College",1365,3366,4872,30888.45,"9460","NULL","2576","4032","NULL","3751","NULL",2,1,"1",1,"NULL","0","0","0","0","0","0","0","NULL","NULL","NULL","NULL","678","0.5",0.14000000059604,80.7099990844726,"12.2299995422363","0.80000001192092","4.61999988555908","96.4800033569336","10.4399995803833",3118,"3968",20.3
"6333","Indianapolis","IN","46250",-86.0532,39.8918,"MedTech College",15970,3867,4229,NA,"NULL","26696","NULL","NULL","44900","NULL","21836",2,2,"2",3,"NULL","0","0","0","0","0","0","0","NULL","NULL","NULL","NULL","603","NULL",NA,NA,"NULL","NULL","NULL","NULL","NULL",15834,"20000",8.9
"3706","North Providence","RI","02904",-71.4594,41.8561,"St Joseph School of Nursing",8337,13092,NA,66402.82,"23520","NULL","15870","15870","NULL","NULL","19807",1,1,"1",2,"30","0","0","0","0","0","0","0","NULL","NULL","NULL","NULL","122","0.77999997138977",0.34000000357627,89.3899993896484,"3.26999998092651","1.75999999046325","5.30000019073486","88.6800003051757","8.03999996185302",22200,"29500",7.1
"2556","Los Alamos","NM","87544",-106.3164,35.8864,"University of New Mexico-Los Alamos Campus",1490,4760,5013,39057.95,"11743","NULL","1665","4572","NULL","5049","NULL",2,2,"3",1,"NULL","0","0","0","0","0","0","0","0.6458","NULL","NULL","NULL","541","0.62000000476837",0.14000000059604,60.0299987792968,"2.19000005722045","1.39999997615814","35.6100006103515","92.5100021362304","15.7700004577636",14164.5,"20500",13
"2324","Cape Girardeau","MO","63701",-89.5291,37.3158,"Southeast Missouri State University",7348,6354,6747,57993.21,"17093","NULL","6863","12195","NULL","12012","NULL",4,3,"3",1,"NULL","0","0","0","0","0","0","0","0.8546","0.8546","595","25","9382","0.62999999523162",0.12999999523162,86.9499969482422,"10.3400001525878","0.73000001907348","1.45000004768371","97.75","10.1000003814697",14000,"22459",11.6
"4139","Logan","UT","84322-1400",-111.8139,41.7407,"Utah State University",4989,8255,8206,44547.68,"16020","NULL","6030","17550","NULL","10954","NULL",4,3,"3",1,"NULL","0","0","0","0","0","0","0","0.9674","0.9674","630","26","20775","0.50999999046325",0.36000001430511,90.5599975585937,"0.85000002384185","1.66999995708465","6.96000003814697","93.5699996948242","7.38999986648559",8750,"13500",5.7
"4509","Caguas","PR","00725",-66.0315,18.2191,"Huertas College",615,2227,1938,13101.24,"10288","NULL","6485","6485","NULL","NULL","5292",2,2,"2",3,"NULL","0","0","0","0","0","0","0","NULL","NULL","NULL","NULL","1255","0.49000000953674",0.18999999761581,82.0299987792968,"6.84000015258789","0.12999999523162","99.1699981689453","61.5","44.060001373291",4150,"5600",25
"1917","Great Barrington","MA","01230-9702",-73.38,42.2092,"Bard College at Simon's Rock",21625,17905,5456,87406.45,"59385","NULL","46713","46713","NULL","NULL","29821",3,2,"2",2,"NULL","0","0","0","0","0","0","0","0.922","0.922","NULL","NULL","344","0.56000000238418",0,80.5800018310547,"8.80000019073486","4.11999988555908","9.68000030517578","86.3899993896484","7.15999984741211",13000,"20500",3.7
"195","Helena","AR","72342-0785",-90.6177,34.545,"Phillips Community College of the University of Arkansas",365,7123,4280,18594.53,"16140","NULL","2375","4055","NULL","10838","NULL",2,2,"2",1,"NULL","0","0","0","0","0","0","0","NULL","NULL","NULL","NULL","986","0.73000001907348",0.18999999761581,53.4700012207031,"44.6599998474121","0.36000001430511","1.46000003814697","98.9199981689453","22.5900001525878",4500,"PrivacySuppressed",17.6
"3295","Tishomingo","OK","73460",-96.6779,34.2229,"Murray State College",2734,4053,4452,30586.21,"13665","NULL","4134","9292","NULL","8658","NULL",2,2,"2",1,"NULL","0","0","0","0","0","0","1","NULL","NULL","NULL","NULL","1802","0.64999997615814",0.28000000119209,78.0899963378906,"4.98000001907348","0.54000002145767","3.85999989509582","97.4599990844726","13.4799995422363",10075,"17749",30
"6364","Warminster","PA","18974",-75.0736,40.1998,"Automotive Training Center-Warminster",10672,5808,NA,NA,"NULL","17390","NULL","NULL","38250","NULL","14000",1,1,"1",3,"NULL","0","0","0","0","0","0","0","NULL","NULL","NULL","NULL","291","NULL",NA,NA,"NULL","NULL","NULL","NULL","NULL",14680,"17000",23.3
"6421","Wallingford","CT","06492",-72.8069,41.4899,"Academy Di Capelli-School of Cosmetology",11245,2045,NA,NA,"NULL","15887","NULL","NULL","18450","NULL","12479",1,1,"1",3,"NULL","0","0","0","0","0","0","0","NULL","NULL","NULL","NULL","29","NULL",NA,NA,"NULL","NULL","NULL","NULL","NULL",9833,"13833",2.9
