index,movie,group,html_color, r,g,b, black, gray,silver, white, maroon, red, olive, yellow, green, lime, teal, aqua, navy, blue, orange, purple, fuchsia, brown
Horror_0.jpg1,Horror_0,1,#a38d78,163,141,120,61.92687869,16.41700446,23.21290045,42.69245868,60.15796823,92.2036152,46.74026942,92.25173464,68.30968887,117.5332175,42.37808123,67.6679195,101.325237,145.6107814,69.04882924,80.06458914,119.7848934,41.08715644
Horror_0.jpg2,Horror_0,2,#260a06,38,10,6,15.95461113,50.04100118,73.42230331,95.36318321,50.87684359,101.9241099,73.03534412,131.5563307,88.05940538,150.0287347,61.71272657,107.146297,79.26409053,134.5638748,100.7121906,67.05479903,121.2605853,48.62217435
Horror_0.jpg3,Horror_0,3,#010101,1,1,1,0.274173393,53.31082685,77.43022692,99.72582698,66.29141599,117.1998204,77.72516296,137.0162989,85.28879757,148.3095654,56.62158334,103.748572,81.26946339,137.5930466,111.2640644,75.33369289,130.2190396,61.3358524
Horror_0.jpg4,Horror_0,4,#0b0302,11,3,2,2.589063877,52.36308102,76.46713997,98.75522273,63.85088846,114.7703107,76.60571159,135.8667377,85.32132265,148.2541303,56.99524633,103.9656078,80.89492329,137.1309799,109.3924423,73.98030414,128.8193892,59.15069925
Horror_0.jpg5,Horror_0,5,#644631,100,70,49,38.36541116,29.32110169,49.58166986,70.5048129,43.65465935,88.22554099,49.18804181,105.196017,70.95898787,128.8158296,49.4702458,88.48302554,92.63028826,143.3721029,75.76729003,73.05625768,121.3420211,28.88119043
Horror_0.jpg6,Horror_0,6,#dddddd,221,221,221,88.11542344,34.5304232,10.41102313,11.88457693,87.59838383,110.2178758,68.51192829,97.33218663,83.17313178,119.7817746,49.92626856,50.20586333,109.9492215,144.9830334,83.54910316,90.58879338,118.8385583,70.31586464
Horror_0.jpg7,Horror_0,7,#301a12,48,26,18,18.46807438,43.85469602,67.15327979,89.07960641,49.29155287,99.53442015,65.50813024,124.0079745,80.97749171,142.5565768,56.1314089,100.9615845,83.59918232,138.1801823,94.42765022,69.83893389,123.0806374,43.41772646
Horror_0.jpg8,Horror_0,8,#170805,23,8,5,6.611272362,50.596386,74.61093542,96.8559716,59.88804189,110.7806255,74.53624793,133.6789713,85.09594429,147.8072167,57.34326864,103.956218,80.58957787,136.5811879,106.1186077,71.98896969,126.6553903,55.44842524
Horror_0.jpg9,Horror_0,9,#826750,130,103,80,49.31670993,20.22935676,37.05200148,57.43223391,49.98945075,88.63413732,44.92164045,97.34169464,67.57686822,122.0285641,44.41122412,78.2049926,96.7956937,144.7391858,70.40740747,76.0320016,120.5901669,31.64849609
Horror_0.jpg10,Horror_0,10,#4a2c1e,74,44,30,28.71539237,37.45355021,59.47428314,80.90159753,42.9799598,91.52620126,57.51141931,114.9589561,76.93900302,136.882302,54.24462189,96.55874961,87.45159997,140.2490183,84.36554816,69.9615633,121.0576023,33.87560681
Horror_1.jpg1,Horror_1,1,#2e312e,46,49,46,20.09762728,33.73516914,57.81603812,80.0966472,62.26796375,110.3329734,64.70763692,122.4475984,74.19504153,135.4884375,40.24611929,86.19890974,82.94071887,136.7485146,98.50063085,72.47232747,124.7508852,51.76330064
Horror_1.jpg2,Horror_1,2,#454744,69,71,68,29.95957388,23.7955358,47.86715756,70.14779305,61.70860651,107.3120329,60.47574765,116.4851532,71.62006989,131.1095023,34.43262454,78.51765761,84.08807736,135.9342883,93.12501992,71.37562009,121.4837332,48.94445291
Horror_1.jpg3,Horror_1,3,#656664,101,102,100,43.06623748,10.61451831,34.68048287,56.96690371,63.77144783,105.0329474,57.67150444,109.9867967,70.65907182,126.6585193,30.05102881,69.09868085,86.91093304,135.5117131,87.78655087,71.75292486,118.0209024,48.71246737
Horror_1.jpg4,Horror_1,4,#1d211f,29,33,31,12.51766365,41.38602801,65.47835527,87.76215872,64.10805008,113.5568932,69.35576556,127.909439,77.4960942,139.7157041,45.61780328,92.34585392,82.26489088,137.268518,103.6182142,73.80779473,127.3462017,55.54209898
Horror_1.jpg5,Horror_1,5,#090a09,9,10,9,2.708708696,50.92376616,75.04239996,97.33762953,65.54786738,116.2513831,75.8803457,135.0748979,83.60968145,146.5165927,54.44630908,101.5143362,81.39433379,137.5131282,109.5576823,74.88767436,129.5741425,59.90026671
Horror_1.jpg6,Horror_1,6,#121513,18,21,19,6.698837904,47.19147368,71.29825265,93.58797093,65.0259676,115.2889675,72.89624568,131.9078434,80.59197935,143.3025877,50.71340204,97.70013596,82.18008622,137.9082014,107.0449594,74.90900114,129.1872059,58.05872096
Horror_1.jpg7,Horror_1,7,#010101,1,1,1,0.274173393,53.31082685,77.43022692,99.72582698,66.29141599,117.1998204,77.72516296,137.0162989,85.28879757,148.3095654,56.62158334,103.748572,81.26946339,137.5930466,111.2640644,75.33369289,130.2190396,61.3358524
Horror_1.jpg8,Horror_1,8,#b3b6b4,179,182,180,73.77879733,20.23779907,4.241423455,26.28441671,78.56824736,107.2206269,61.2491494,98.77777171,75.57612551,119.1291417,38.54413738,51.92793757,101.7817432,141.3924431,82.31822725,83.39992827,117.8645903,61.00056143
Horror_1.jpg9,Horror_1,9,#dddddd,221,221,221,88.11542344,34.5304232,10.41102313,11.88457693,87.59838383,110.2178758,68.51192829,97.33218663,83.17313178,119.7817746,49.92626856,50.20586333,109.9492215,144.9830334,83.54910316,90.58879338,118.8385583,70.31586464
Horror_1.jpg10,Horror_1,10,#888a89,136,138,137,57.29477587,3.827369679,20.44108199,42.72458142,69.5324427,105.1716914,57.91969232,104.3479009,71.84813469,122.7534974,30.61259476,59.79111951,92.36765543,136.8860632,84.37940613,75.44163178,116.5230487,52.91042006
Horror_10.jpg1,Horror_10,1,#3a3939,58,57,57,24.07248404,29.52037152,53.63818334,75.93321277,60.87777696,108.1325517,64.39306271,121.3282274,75.38755295,135.8282141,38.94146024,83.98125605,80.90253421,133.9339,96.6897576,69.26323315,120.8278694,50.23353214
Horror_10.jpg2,Horror_10,2,#262525,38,37,37,14.79102503,38.80510143,62.92332319,85.2184274,61.77234741,110.9696428,68.90892983,127.1331481,78.63189998,140.431825,45.31835149,91.58256237,80.15039243,134.8152385,101.865143,70.61947127,123.9129777,53.4414021
Horror_10.jpg3,Horror_10,3,#361111,54,17,17,23.22743421,47.53179492,70.05378856,91.5991085,44.00608566,94.80334792,70.43912503,128.0254452,88.7265805,149.6984996,62.90158045,106.9190929,79.15562845,133.3536317,95.13834553,63.68705589,116.9381359,42.4674077
Horror_10.jpg4,Horror_10,4,#171515,23,21,21,7.047078615,46.61608267,70.73199439,93.02597886,63.15570254,113.4923482,73.36502182,132.2840909,82.26076083,144.8232574,51.64399765,98.43378672,80.21627942,135.9122371,106.4392672,72.39051574,126.7123477,56.8685578
Horror_10.jpg5,Horror_10,5,#dddddd,221,221,221,88.11542344,34.5304232,10.41102313,11.88457693,87.59838383,110.2178758,68.51192829,97.33218663,83.17313178,119.7817746,49.92626856,50.20586333,109.9492215,144.9830334,83.54910316,90.58879338,118.8385583,70.31586464
Horror_10.jpg6,Horror_10,6,#010101,1,1,1,0.274173393,53.31082685,77.43022692,99.72582698,66.29141599,117.1998204,77.72516296,137.0162989,85.28879757,148.3095654,56.62158334,103.748572,81.26946339,137.5930466,111.2640644,75.33369289,130.2190396,61.3358524
Horror_10.jpg7,Horror_10,7,#0b0707,11,7,7,2.425799031,51.44322774,75.55876085,97.85248199,64.61443435,115.425542,76.40181139,135.6077251,84.72339698,147.619398,55.65434143,102.6583282,80.68274923,136.8555755,109.5212657,73.9729028,128.7412235,59.50631744
Horror_10.jpg8,Horror_10,8,#646262,100,98,98,41.73879934,11.8838628,35.98360901,58.27550767,62.63412998,104.4070004,58.92278629,111.5504413,72.36899837,128.6595516,31.5778596,70.95554661,85.04089091,133.9051145,88.47445095,69.82191936,116.517804,48.30523244
Horror_10.jpg9,Horror_10,9,#592829,89,40,41,33.79255277,39.34324243,60.03989238,80.87647772,37.92954926,86.52240307,65.39619436,120.7687395,87.50495179,146.2437908,60.24827775,101.1112312,79.37405719,131.0626353,86.32339002,59.36898266,110.1146079,34.39915114
Horror_10.jpg10,Horror_10,10,#989898,152,152,152,62.84290395,9.257903708,14.86149636,37.15709642,71.75559375,104.9932544,59.16319522,102.8007469,73.75006863,122.339087,33.41553549,57.54089398,94.49712651,137.2513886,83.38245248,76.79065801,115.5715002,54.98129216
Horror_11.jpg1,Horror_11,1,#0d0b0f,13,11,15,3.8168045,50.37840739,74.484869,96.77424342,65.25555991,115.9629551,77.19031591,136.2432882,85.43753361,148.205764,54.57453497,101.5440872,78.86724777,134.9720722,110.1755606,72.46581823,127.1899608,60.14711052
Horror_11.jpg2,Horror_11,2,#24343a,36,52,58,21.93293152,33.86069726,57.62191328,79.77784465,68.88140953,116.659606,70.43083479,127.3484192,77.28841928,138.1056277,36.77476233,83.18313493,79.04630456,132.6024462,104.7654802,71.25573534,123.3133378,58.78944442
Horror_11.jpg3,Horror_11,3,#dddddd,221,221,221,88.11542344,34.5304232,10.41102313,11.88457693,87.59838383,110.2178758,68.51192829,97.33218663,83.17313178,119.7817746,49.92626856,50.20586333,109.9492215,144.9830334,83.54910316,90.58879338,118.8385583,70.31586464
Horror_11.jpg4,Horror_11,4,#592633,89,38,51,33.97106973,39.73948455,60.37210591,81.17276593,42.10779942,89.95907506,71.90688907,126.7717752,92.92564006,151.7019114,60.6197316,101.4598636,71.9566055,123.7011464,92.17477585,52.47870619,104.0975159,40.80353268
Horror_11.jpg5,Horror_11,5,#0e171c,14,23,28,8.874860424,46.74753,70.76522834,93.01364069,68.55277677,118.6644366,76.77614788,135.388683,83.48138803,145.9050279,49.13300589,96.14893346,78.06557507,133.7232132,110.8718608,72.4903945,126.7177569,61.93621886
Horror_11.jpg6,Horror_11,6,#334b51,51,75,81,31.80872624,25.36440546,48.494354,70.46789141,71.33213634,116.7347129,67.01325249,121.961599,73.45466751,132.4757622,28.04152842,73.59252078,81.8814537,133.3568625,101.424454,72.83939516,122.5832262,58.79516314
Horror_11.jpg7,Horror_11,7,#798e93,121,142,147,58.15654434,9.115058182,21.73246469,43.20804131,76.51934368,112.8300926,62.45929672,108.2909546,72.23221527,122.8337621,24.56429067,54.2780849,91.83895188,136.0253756,91.07980187,77.55993551,118.5131779,60.08786069
Horror_11.jpg8,Horror_11,8,#040506,4,5,6,1.41842984,52.25486556,76.37355359,98.6688049,66.25746343,117.080994,77.3535564,136.5778896,84.92711707,147.882454,55.59466702,102.70241,80.80779344,137.0519268,110.9200168,74.7938999,129.6072054,61.07204475
Horror_11.jpg9,Horror_11,9,#1a2328,26,35,40,14.09572559,40.84882928,64.84177412,87.08264169,67.31027882,116.5844314,73.3106014,131.362975,80.60467771,142.4591298,44.13189406,90.88607016,78.13382465,133.0145802,107.2924893,71.15882073,124.626367,59.27022283
Horror_11.jpg10,Horror_11,10,#51686e,81,104,110,43.43835367,14.55049831,36.49502379,58.32841569,72.60777065,114.3966027,63.83208075,115.4849651,71.80765134,127.6989509,22.72277374,64.201122,85.22939278,133.6889839,96.22919545,73.66046192,119.9299656,58.02508515
Horror_12.jpg1,Horror_12,1,#251613,37,22,19,12.59324331,45.31838795,69.14460797,91.30623196,55.11768495,105.5584742,70.02817664,128.7762273,82.80728571,144.9346088,54.84239554,100.6918557,80.62206893,135.8779355,100.4363012,69.49617595,123.5042476,49.73619276
Horror_12.jpg2,Horror_12,2,#a7978f,167,151,143,64.09192535,12.70439295,16.10147804,37.20974294,65.95662785,97.58199232,54.54444853,97.82753374,73.20460061,121.2887386,39.60805637,62.78944404,97.26987312,140.0073927,75.99810783,77.07641964,115.3594409,48.61928574
Horror_12.jpg3,Horror_12,3,#561816,86,24,22,38.25233351,48.21363957,67.72303551,87.81847635,29.29364961,79.62126524,66.01626043,120.8192213,90.78753076,149.1282963,69.4412331,109.9423369,84.42009346,135.7629933,83.50077814,62.82417029,112.7182483,30.2206982
Horror_12.jpg4,Horror_12,4,#dcdcdc,220,220,220,87.76087461,34.17587437,10.0564743,12.23912576,87.34543131,110.106182,68.32499269,97.3656707,82.99512353,119.7811562,49.64366258,50.22829457,109.7072342,144.8469264,83.49387837,90.3609123,118.7561554,70.06091005
Horror_12.jpg5,Horror_12,5,#060302,6,3,2,1.341989528,52.61545671,76.73232719,99.02668518,65.18054977,116.0656716,76.89228389,136.1713044,84.92496867,147.9064706,56.46392248,103.5271834,81.31186576,137.5760599,110.1894488,74.87801024,129.7178693,60.19385206
Horror_12.jpg6,Horror_12,6,#392a26,57,42,38,20.3708002,35.88012225,59.61750819,81.75911039,53.5508305,102.3797658,64.11641204,122.0106662,78.14914891,139.2173292,47.93072941,92.62824448,81.45293834,135.324013,94.36741367,68.15880018,120.7132708,45.11572396
Horror_12.jpg7,Horror_12,7,#110a09,17,10,9,3.998368365,50.42551233,74.52677316,96.81364234,63.0295207,113.8001888,75.32842642,134.4936967,84.36299247,147.1750601,55.47416551,102.3521024,80.60423215,136.6709077,108.0398193,73.18354289,127.8720494,57.90441434
Horror_12.jpg8,Horror_12,8,#972b2d,151,43,45,62.18007426,54.65440807,66.82434541,82.86703594,16.37929275,57.86591573,67.99753935,114.4127903,100.3331057,152.7444683,82.06325972,115.4362548,92.47740385,137.3244576,70.25520313,63.36613786,104.2582645,24.46765847
Horror_12.jpg9,Horror_12,9,#58433c,88,67,60,32.37734611,25.64658675,48.54001017,70.4339727,50.56384554,96.28563678,57.34764152,113.3227694,74.68706385,133.5117975,43.92196385,85.39423152,84.38431042,135.8270689,85.50010769,67.53504118,117.288564,38.72695612
Horror_12.jpg10,Horror_12,10,#82665b,130,102,91,47.78482913,16.23533795,35.05160717,56.1740526,51.47550951,90.86688967,51.71087975,103.2904963,72.78242312,127.3139,42.85890471,77.39534418,90.37349054,138.0052612,75.8421485,70.02321043,114.7990999,35.82191091
Horror_13.jpg1,Horror_13,1,#0a0b09,10,11,9,3.049155371,50.6694795,74.78647671,97.08091772,65.3469347,116.0206609,75.40089024,134.6011531,83.15423105,146.0604428,54.21493651,101.273912,81.75800764,137.8474818,109.1430657,75.10274645,129.7551174,59.55536681
Horror_13.jpg2,Horror_13,2,#474743,71,71,67,30.14594979,23.68532607,47.73503246,70.00887335,60.6898038,106.2569988,59.73205594,115.7973039,71.43174834,130.8970783,35.11844461,78.95436196,84.46071714,136.279441,92.14045876,71.3270966,121.3919548,47.84457244
Horror_13.jpg3,Horror_13,3,#38342d,56,52,45,22.47483073,32.09487924,56.04064117,78.27063266,58.13957133,105.8697367,61.1338542,118.8887196,72.84866964,133.8578033,41.5724966,86.61399947,84.70395775,138.1439474,93.96795327,72.28716934,124.1326921,47.06835654
Horror_13.jpg4,Horror_13,4,#030303,3,3,3,0.822520179,52.76248007,76.88188014,99.1774802,66.08448879,116.9531092,77.3623413,136.6292747,84.99467213,147.9869225,56.15765517,103.2687725,81.18549199,137.4663601,110.8969453,75.12053187,129.9670329,61.00496976
Horror_13.jpg5,Horror_13,5,#b4aea5,180,174,165,71.54918949,18.5630393,8.342754281,29.15922598,73.65386008,102.3784907,56.50555879,95.36035098,73.08510512,117.6526199,39.84626542,55.98559098,102.588046,143.2977272,77.29559222,83.0075016,118.5365561,55.56451093
Horror_13.jpg6,Horror_13,6,#dededd,222,222,221,88.44567072,34.86303253,10.7523597,11.56758417,87.72120216,110.1557392,68.24981888,96.78784439,82.93588829,119.314996,50.17136626,50.15591811,110.539168,145.5713227,83.19179473,91.11455697,119.3144924,70.33775898
Horror_13.jpg7,Horror_13,7,#232320,35,35,32,13.77937192,40.02935722,64.12728264,86.41369096,61.79609746,111.1282351,67.82846168,126.3360796,77.17492671,139.2369453,45.84049331,92.25490235,82.32123681,137.1399453,101.4246418,72.81187742,126.1859452,53.152774
Horror_13.jpg8,Horror_13,8,#888379,136,131,121,55.2491176,6.217083624,23.58533315,45.49279835,64.75071889,100.7534436,52.32622293,100.3229322,68.34719769,120.2264953,33.00310364,63.50336714,94.98772388,140.5713376,79.27156627,76.89685124,118.9595109,47.1310487
Horror_13.jpg9,Horror_13,9,#151512,21,21,18,6.95119732,46.94543496,71.05140852,93.34076814,63.5768546,113.8666889,72.13174356,131.1764085,80.50588621,143.1953637,51.26807447,98.14282877,82.36360851,138.0630766,105.8985005,74.5122642,128.7746567,56.72193207
Horror_13.jpg10,Horror_13,10,#696157,105,97,87,42.17706734,13.87200778,36.77654917,58.81944559,58.4421289,99.91792571,52.83020702,106.2394113,68.44691532,124.9436894,34.4800983,73.02473755,89.84883802,138.96275,82.5905762,73.05772871,119.6889477,42.58401859
Horror_14.jpg1,Horror_14,1,#1b1711,27,23,17,9.17107693,45.79869203,69.84243375,92.10329426,60.66569472,110.8640529,69.57243779,128.6487133,79.21203136,141.8034923,51.56632031,98.13742019,83.62842831,139.1374046,102.8290654,74.42385009,128.4864659,53.55003621
Horror_14.jpg2,Horror_14,2,#be2b25,190,43,37,81.59608666,70.55076975,78.07130311,90.35033448,19.25100768,37.20269845,72.41689067,110.0140359,109.1438896,156.1600916,98.77561448,127.8359254,109.3235815,150.011769,60.41268572,77.70045065,110.5396112,30.92294489
Horror_14.jpg3,Horror_14,3,#c2bba1,194,187,161,77.12977677,26.3746262,14.32361617,28.04725129,74.82300973,100.2822538,50.10627635,85.48386078,68.10858949,109.644896,44.64766822,56.2306055,112.225465,152.763214,69.84496949,91.51651702,126.0067268,54.75714949
Horror_14.jpg4,Horror_14,4,#4b473b,75,71,59,31.20699206,24.67034093,48.14973333,70.24054094,57.52541041,102.8552489,54.82244562,111.4654159,68.04225775,127.6677506,37.219708,80.25128321,88.76660294,140.6008702,87.54726976,74.27960165,124.1199237,43.4429793
Horror_14.jpg5,Horror_14,5,#080806,8,8,6,2.299695445,51.43758538,75.55496342,97.8495812,65.36756089,116.1195141,75.8846027,135.1242159,83.67403905,146.6196027,55.01456812,102.0837975,81.76496256,137.9235905,109.5310687,75.20915847,129.9313174,59.82591861
Horror_14.jpg6,Horror_14,6,#dddddc,221,221,220,88.09141083,34.50881049,10.39854304,11.92152362,87.46737722,110.0428698,68.06022859,96.81984981,82.75576108,119.3130023,49.88802442,50.17600938,110.2979201,145.4354644,83.13462626,90.88715873,119.2318443,70.08124037
Horror_14.jpg7,Horror_14,7,#6b1510,107,21,16,50.9774865,55.1581756,71.52834289,89.82326375,16.07316843,66.55014892,65.21962344,116.5436743,94.73457703,150.3974055,78.96518353,116.631643,92.47953861,141.3071752,75.09096264,67.22010287,113.2157647,23.1773253
Horror_14.jpg8,Horror_14,8,#2f2d23,47,45,35,19.63277048,35.88205789,59.73053527,81.91692639,58.75919278,107.1026288,61.20595839,119.6000107,71.99061835,133.6625023,43.48186823,89.03729998,86.69057169,140.7348361,95.05140193,74.96938133,127.3667358,47.92123299
Horror_14.jpg9,Horror_14,9,#938d7a,147,141,122,59.67902035,12.11703452,21.99909171,42.78382621,65.20154985,98.95860636,47.71509302,94.21371629,65.02618075,115.310728,35.39754384,62.33972077,100.873179,145.8165658,74.28643703,81.80231486,122.5955523,45.95653102
Horror_14.jpg10,Horror_14,10,#6d685a,109,104,90,44.90979676,12.8379682,34.71802872,56.58657499,59.86145772,100.1934809,50.23108229,103.0952142,65.69604726,121.590017,33.22060977,70.56076737,93.05636344,141.6933319,80.66292642,76.0745123,121.9171564,42.74123089
Horror_15.jpg1,Horror_15,1,#746c57,116,108,87,47.59222609,15.07899901,34.41472679,55.71227898,58.37063449,97.51936103,45.88783552,98.64186058,63.1110787,118.4339442,35.53235072,71.00210597,97.01495485,145.357555,76.23007144,78.9720391,124.1379435,39.84572537
Horror_15.jpg2,Horror_15,2,#dddddd,221,221,221,88.11542344,34.5304232,10.41102313,11.88457693,87.59838383,110.2178758,68.51192829,97.33218663,83.17313178,119.7817746,49.92626856,50.20586333,109.9492215,144.9830334,83.54910316,90.58879338,118.8385583,70.31586464
Horror_15.jpg3,Horror_15,3,#2f1816,47,24,22,17.2390635,44.14225363,67.57228313,89.5567844,50.560844,100.9368185,68.95064559,127.2503966,84.09749694,145.684634,56.47047972,101.4886636,79.80377134,134.5472521,97.2909354,66.69544207,120.3180153,45.91454118
Horror_15.jpg4,Horror_15,4,#4e3c2b,78,60,43,30.47628553,30.44989268,52.92109143,74.61419231,49.37285871,95.84384261,53.09748568,110.5291254,70.28102888,130.068322,45.8716196,87.98391257,89.99697977,142.2594124,83.34706606,73.45423138,123.7132316,36.30540979
Horror_15.jpg5,Horror_15,5,#020617,2,6,23,9.205836634,52.51246237,76.38601061,98.56088179,69.78945208,120.4377125,83.72939835,142.4757772,91.10949989,153.6789272,55.7444872,102.5149794,72.92165327,129.2128753,116.2616872,69.16487253,124.0196983,65.88037489
Horror_15.jpg6,Horror_15,6,#a79e81,167,158,129,67.20400835,20.10606927,20.67591249,38.52047349,67.09402765,96.92081256,43.94928928,86.74681746,63.22649872,110.1635936,40.58908676,61.38472951,108.1768235,151.7628315,68.28331217,87.76980119,126.2568381,46.44604499
Horror_15.jpg7,Horror_15,7,#131921,19,25,33,10.68728976,45.53378764,69.49344605,91.71589185,67.84336188,117.8110564,77.63165467,136.0047379,85.12571832,147.3004992,49.00747155,95.7656728,75.44657086,130.9910521,110.8630821,69.68206619,123.8498542,61.6525486
Horror_15.jpg8,Horror_15,8,#050f1d,5,15,29,10.90829595,50.42246769,74.2121437,96.34888519,70.84247004,121.1989437,83.13435211,141.6379863,90.00621411,152.3535264,53.04756026,99.7381674,72.53142534,128.5645378,116.0647462,68.94149864,123.5190377,66.17549131
Horror_15.jpg9,Horror_15,9,#031f24,3,31,36,14.63553848,44.869561,68.53655869,90.62638311,73.62741016,123.0663093,75.92157719,134.0186065,79.76051947,141.8595981,43.38113309,90.58678914,80.80578737,135.8530293,112.107617,76.37721986,129.8860706,65.02497394
Horror_15.jpg10,Horror_15,10,#21292d,33,41,45,16.60694369,37.85174004,61.86847403,84.12143793,66.2014962,114.9994547,71.08588612,128.8679559,78.92221784,140.4756693,41.99562539,88.54261062,78.79230158,133.2342738,104.9256486,70.83415287,123.8592584,57.39946339
Horror_16.jpg1,Horror_16,1,#abb5bd,171,181,189,73.35413393,20.33724675,7.209088947,27.43233893,81.45650845,111.2029372,66.41356245,104.4560182,79.0493601,123.052695,36.83447055,50.36482775,97.94093274,136.9963088,88.09496603,80.94931147,115.2197627,64.90764027
Horror_16.jpg2,Horror_16,2,#d9542e,217,84,46,87.48270015,69.3994058,73.57621303,83.6680288,29.49206053,35.55364966,63.83760793,96.22974095,102.2373432,145.1138509,97.24367136,122.2587291,119.567728,159.7439725,46.16980004,87.96274229,118.9909927,29.40528726
Horror_16.jpg3,Horror_16,3,#dcdddd,220,221,221,88.04096856,34.45709847,10.34203669,11.96511779,87.78210048,110.51217,68.50768833,97.38038611,82.99725687,119.6215193,49.65153791,49.85355883,109.9744339,145.050601,83.74683492,90.71286405,119.0397199,70.45877648
Horror_16.jpg4,Horror_16,4,#3e4c59,62,76,89,33.06700018,24.02033195,47.10315872,69.07349743,69.34706807,114.4546399,70.03237317,124.420465,78.74814633,137.1458969,31.53252091,75.35669763,76.52340361,127.6136959,101.8483973,66.74664163,116.2969504,58.25948212
Horror_16.jpg5,Horror_16,5,#773721,119,55,33,48.69521958,43.49841111,59.58700743,78.22119588,25.30661815,70.95576526,53.54334939,106.0126761,82.73021211,137.9708868,67.45792519,103.7403335,95.46668548,144.4699354,68.25004467,71.02587872,116.8880843,15.7109259
Horror_16.jpg6,Horror_16,6,#6b7784,107,119,132,50.24380515,9.650987491,29.54607237,51.27067125,72.14587468,111.4341778,66.32153944,115.3302254,77.16277398,130.6179407,27.377059,62.72675087,82.94682544,129.061859,94.66195148,69.3991134,113.0976603,58.17145167
Horror_16.jpg7,Horror_16,7,#cd9d6e,205,157,110,76.02435617,36.66359178,34.95559663,46.29979396,56.24028333,78.36902965,39.05200442,77.07329736,69.85369537,112.6904898,60.46761431,78.80225532,116.4007518,158.7567369,49.4707658,91.04796128,126.5341118,35.26581948
Horror_16.jpg8,Horror_16,8,#070709,7,7,9,2.118480851,51.63243589,75.749834,98.04445927,65.90791935,116.6965237,77.22627223,136.4027031,85.01282227,147.9137488,55.23615203,102.3060293,80.25577473,136.4550926,110.6250844,74.1024226,128.8851061,60.72583806
Horror_16.jpg9,Horror_16,9,#242c35,36,44,53,18.94929841,36.6412697,60.49350377,82.68012472,66.93673636,115.4194312,73.23788848,130.5167001,81.42338776,142.5197609,41.50683095,87.64507678,75.50716892,129.6775658,106.1901139,67.82299338,120.6441371,58.62085874
Horror_16.jpg10,Horror_16,10,#12161d,18,22,29,9.027497683,46.76487535,70.7731602,93.0171942,67.23236036,117.4125379,77.72318127,136.2789977,85.41829238,147.7551669,50.451176,97.26974613,75.9653638,131.6836215,110.8568688,70.10913029,124.4559372,61.37471997
Horror_17.jpg1,Horror_17,1,#767983,118,121,131,51.22322294,6.50775855,27.46968214,49.47534762,69.15922732,107.6893808,64.0538309,112.7474908,76.84172497,129.932372,30.06825744,64.00123656,84.05556197,129.882371,91.07032627,68.85602103,112.1147104,54.95176475
Horror_17.jpg2,Horror_17,2,#31343a,49,52,58,22.04017425,32.22923981,56.22992635,78.48055522,63.95015475,111.7108246,69.24187237,126.1555421,78.91704263,139.5410054,39.63990839,85.19886772,77.26914132,130.7468883,101.5851267,67.49610537,119.6286014,54.60107751
Horror_17.jpg3,Horror_17,3,#545a64,84,90,100,38.61006955,16.85253473,40.18744999,62.29171851,66.75997649,109.946624,65.9816462,118.9936622,76.9522481,133.9416147,30.62663632,71.98789549,79.19357531,128.7473729,96.14086992,66.6463898,114.4560306,54.40234524
Horror_17.jpg4,Horror_17,4,#ae2131,174,33,49,73.04090188,63.96853378,73.5298086,87.50278118,18.12721581,48.7525098,75.59185404,117.7117778,109.8353142,160.0249234,92.41141137,123.6255328,96.22710812,137.7879417,70.42195157,64.90328973,100.7294304,32.03024118
Horror_17.jpg5,Horror_17,5,#dddddd,221,221,221,88.11542344,34.5304232,10.41102313,11.88457693,87.59838383,110.2178758,68.51192829,97.33218663,83.17313178,119.7817746,49.92626856,50.20586333,109.9492215,144.9830334,83.54910316,90.58879338,118.8385583,70.31586464
Horror_17.jpg6,Horror_17,6,#242225,36,34,37,13.75279235,40.10705949,64.20023993,86.48460397,62.23260591,111.6663194,71.32016246,129.5092116,81.09292097,142.9073748,46.71149522,92.99049967,77.93405471,132.8051607,103.751128,68.95164752,122.5255569,54.82314684
Horror_17.jpg7,Horror_17,7,#9da0a7,157,160,167,65.94887895,12.88333551,12.53851061,34.4087345,75.30922144,107.6773492,63.66102337,105.6334526,77.42714418,124.7518814,34.33216444,55.5335359,93.29876799,134.6561599,86.73495154,76.09399411,113.352178,59.25530872
Horror_17.jpg8,Horror_17,8,#171515,23,21,21,7.047078615,46.61608267,70.73199439,93.02597886,63.15570254,113.4923482,73.36502182,132.2840909,82.26076083,144.8232574,51.64399765,98.43378672,80.21627942,135.9122371,106.4392672,72.39051574,126.7123477,56.8685578
Horror_17.jpg9,Horror_17,9,#050505,5,5,5,1.370866965,52.21413329,76.33353335,98.62913342,65.88147578,116.7084529,77.001715,136.2433581,84.70307527,147.6656109,55.69526135,102.7896586,81.10514107,137.3417459,110.5313272,74.91077828,129.7168547,60.6772383
Horror_17.jpg10,Horror_17,10,#40454d,64,69,77,29.62829897,25.08224324,48.90149924,71.09987175,65.02493075,110.9003841,67.44112927,122.8158449,77.61490977,136.7871582,34.6598264,78.87225001,77.66588722,129.5223421,99.04104321,66.67556,117.0738652,54.17712431
Horror_18.jpg1,Horror_18,1,#202d57,32,45,87,34.68829778,44.52056242,64.86016303,85.42963867,76.11248706,122.710989,92.53770746,147.52735,101.7922725,161.0255101,51.2247077,92.62869436,54.01959462,107.5766659,120.5900393,51.59359394,103.5392791,72.52009281
Horror_18.jpg2,Horror_18,2,#131822,19,24,34,11.27547812,46.04744538,69.94098186,92.13254391,67.97134402,117.965792,79.00457064,137.3097285,86.75653977,148.8720976,49.88079442,96.50498909,73.81041314,129.4207724,111.7772067,68.31395842,122.5652683,62.29775594
Horror_18.jpg3,Horror_18,3,#323d4e,50,61,78,28.05801228,30.49613337,53.5580868,75.46651866,69.04429244,115.6845537,74.55912558,130.0272808,83.28983131,142.7281604,37.12263138,81.57172176,72.02200393,124.5235007,106.0242951,63.79613551,114.9713965,60.1173408
Horror_18.jpg4,Horror_18,4,#050608,5,6,8,1.834902353,51.96554547,76.0827496,98.37727715,66.27099314,117.0752646,77.4657329,136.6575754,85.08202095,148.006564,55.36562796,102.4609216,80.38297578,136.6085641,110.966969,74.390525,129.1918433,61.09660637
Horror_18.jpg5,Horror_18,5,#dddddd,221,221,221,88.11542344,34.5304232,10.41102313,11.88457693,87.59838383,110.2178758,68.51192829,97.33218663,83.17313178,119.7817746,49.92626856,50.20586333,109.9492215,144.9830334,83.54910316,90.58879338,118.8385583,70.31586464
Horror_18.jpg6,Horror_18,6,#1d2434,29,36,52,18.36489672,41.02294176,64.51942701,86.5445766,68.62109192,117.571013,79.22428543,136.5385478,87.5102808,148.703486,45.93925498,91.73042785,70.13526513,124.8947613,111.093922,64.20937958,117.6703941,62.38294506
Horror_18.jpg7,Horror_18,7,#627a98,98,122,152,53.89604867,19.2669149,33.24182772,53.08659039,79.24811506,118.3808356,76.60559066,124.4078914,85.62292896,138.1405523,29.82494977,62.40211512,76.46923752,121.0846418,103.9885152,65.77236658,108.1656361,67.21492046
Horror_18.jpg8,Horror_18,8,#42526c,66,82,108,38.5033755,25.51458669,46.37797818,67.618572,72.97523943,117.0244621,76.91644464,129.7865958,85.91022446,143.0127549,33.88691821,74.92081939,70.07480529,119.9460769,106.57511,61.3503482,109.7742586,63.36974404
Horror_18.jpg9,Horror_18,9,#8294ab,130,148,171,62.3084698,15.88528864,22.19509114,41.82800644,79.90318105,115.2441498,72.35830058,116.4137772,82.86759319,132.0547512,30.8575283,55.92882309,84.83256114,126.6487211,97.50044333,71.15748933,109.8116553,65.90137664
Horror_18.jpg10,Horror_18,10,#4e6482,78,100,130,46.01357835,22.64972862,40.8058957,61.35929844,76.60390208,118.4903874,77.7418137,128.3747365,86.4834439,141.563053,31.44926962,69.06766492,71.75817638,119.1964411,106.4547788,62.579239,108.2912059,66.0043463
Horror_19.jpg1,Horror_19,1,#6a7e80,106,126,128,51.88669886,7.989011188,27.47594908,49.28106186,73.49979154,112.0575985,60.51867492,109.1919541,69.97274696,123.0703043,22.79821597,58.31351773,90.34245742,136.5364812,91.13152142,76.62003586,119.989969,57.25532463
Horror_19.jpg2,Horror_19,2,#25090b,37,9,11,15.37511319,50.14415059,73.57985212,95.54659955,52.27981513,103.2765827,75.04771155,133.4976656,89.70255132,151.7014495,61.61920263,107.1395848,76.91839645,132.3423583,102.6340515,65.3343299,119.7590023,50.46286453
Horror_19.jpg3,Horror_19,3,#2b3c3e,43,60,62,25.02206923,30.4607298,54.20208976,76.35927604,68.37930701,115.3564742,66.63029532,123.207361,73.53589678,134.0166887,33.53390348,79.814665,82.23013434,135.16725,101.4925925,73.30803317,124.6256892,56.8091071
Horror_19.jpg4,Horror_19,4,#dddddd,221,221,221,88.11542344,34.5304232,10.41102313,11.88457693,87.59838383,110.2178758,68.51192829,97.33218663,83.17313178,119.7817746,49.92626856,50.20586333,109.9492215,144.9830334,83.54910316,90.58879338,118.8385583,70.31586464
Horror_19.jpg5,Horror_19,5,#020404,2,4,4,1.126104291,52.6078182,76.72630092,99.02145038,66.51304008,117.3472927,77.30811861,136.5643445,84.70206389,147.6942647,55.72945613,102.8630861,81.32293834,137.5880713,111.037123,75.38223865,130.2049616,61.26298365
Horror_19.jpg6,Horror_19,6,#1d2a2c,29,42,44,17.02210727,38.03364832,61.97935892,84.20263208,67.74958392,116.4308676,70.17628792,127.9976792,76.8886038,138.5491119,40.52060776,87.3358462,80.9408691,135.329767,105.0648,73.35390428,126.2435387,58.20663862
Horror_19.jpg7,Horror_19,7,#121c1e,18,28,30,10.56728256,44.41885291,68.44742428,90.70195676,68.00450594,117.7750393,73.66357544,132.2070937,80.16182184,142.5198945,46.52497769,93.58387157,80.47616841,135.8242007,108.4101631,74.07713325,127.9620733,60.20187339
Horror_19.jpg8,Horror_19,8,#455254,69,82,84,34.29124699,20.46331916,44.18295205,66.36581477,67.21684606,111.6350598,62.78328135,117.3562798,71.81350293,130.2517362,28.73893521,72.76668724,83.50329617,134.3291364,95.91381419,71.98973213,120.9736738,53.86905378
Horror_19.jpg9,Horror_19,9,#081011,8,16,17,4.906348925,49.47248661,73.56999862,95.85515829,67.3223145,117.7978331,75.88499788,134.918099,82.75394261,145.5550613,52.0033243,99.13692911,80.97914151,136.9451127,110.1737178,74.99039913,129.5052618,60.9960287
Horror_19.jpg10,Horror_19,10,#4f0b14,79,11,20,37.48086896,51.41472401,71.24029525,91.42134682,31.07789817,81.59754072,71.49759926,126.3643674,95.52981593,154.3577489,72.15857568,113.3264383,80.42622234,132.0916129,88.4998779,59.4185327,110.1159849,35.26942408
Horror_2.jpg1,Horror_2,1,#706268,112,98,104,43.57728372,12.58917496,35.34473644,57.37930964,59.70758014,100.9143444,61.89369304,113.619672,77.78251887,133.3262729,36.66044357,74.02996145,81.12078872,129.2760744,88.09181084,64.3064831,110.502256,47.01827861
Horror_2.jpg2,Horror_2,2,#f3f4f4,243,244,244,96.11660346,42.53241092,18.4149123,3.899902972,93.70034078,113.3094799,73.09390902,96.9596092,87.3474342,119.9177014,56.33354974,50.01584136,115.6358179,148.3392875,85.38075011,96.09546858,121.1705684,76.45908443
Horror_2.jpg3,Horror_2,3,#0c090b,12,9,11,2.943209927,50.9098874,75.02477183,97.31818829,64.89301272,115.6560524,76.69454526,135.8340473,84.97475271,147.815141,55.10515027,102.0982538,79.90242464,136.04146,109.7714488,73.31927476,128.0645702,59.7590308
Horror_2.jpg4,Horror_2,4,#a79ca1,167,156,161,65.60484706,12.86184884,13.29588413,34.95891436,70.62365462,102.3339631,62.03150872,104.1924956,78.62447291,126.1490953,38.57624747,60.32318058,92.73373801,134.1496944,82.88843319,73.71141473,110.8729087,54.95582693
Horror_2.jpg5,Horror_2,5,#dcdcdc,220,220,220,87.76087461,34.17587437,10.0564743,12.23912576,87.34543131,110.106182,68.32499269,97.3656707,82.99512353,119.7811562,49.64366258,50.22829457,109.7072342,144.8469264,83.49387837,90.3609123,118.7561554,70.06091005
Horror_2.jpg6,Horror_2,6,#fbfbfb,251,251,251,98.61812381,45.03312357,20.9137235,1.381876562,95.38546031,113.9780284,74.60331611,96.92505512,88.92704954,120.2750722,58.65337273,50.67468018,117.3772975,149.3407647,85.83559939,97.68240963,121.7234649,78.22109429
Horror_2.jpg7,Horror_2,7,#eaeaea,234,234,234,92.69765811,39.11265787,14.9932578,7.302342265,90.92867028,111.7526254,71.04295211,97.01505086,85.57264909,119.8841521,53.65562967,50.14113997,113.130115,146.8078029,84.39370901,93.60490162,119.9927479,73.68509383
Horror_2.jpg8,Horror_2,8,#343236,52,50,54,21.31660503,32.58784944,56.65359543,78.92873671,61.46939792,109.4413902,68.05155602,125.1982041,78.80298192,139.5474916,41.41653031,86.77965575,77.83726793,131.4284852,99.86318735,67.16952382,119.4549556,52.34296024
Horror_2.jpg9,Horror_2,9,#640d13,100,13,19,47.8325702,54.70174729,71.99630647,90.79548391,20.10641636,70.48397261,68.97253932,121.1658088,97.03372036,153.6670657,78.10091352,116.7725959,87.39095845,136.7519814,80.26289608,62.85432025,110.1378111,28.04945247
Horror_2.jpg10,Horror_2,10,#9e0e1c,158,14,28,72.31173778,67.33287534,78.06990676,92.58999773,10.94618023,46.50335718,73.60769777,116.3715483,108.2177239,158.7443098,94.70920312,127.1998678,100.8843294,143.8596771,68.58942932,70.57954991,107.7413214,29.28710391
Horror_20.jpg1,Horror_20,1,#9f7c60,159,124,96,59.1898496,22.6667035,32.28393378,50.6519149,51.32303168,84.54924559,42.74685071,90.83189856,68.54947116,119.1828133,48.59037583,76.52973546,102.1320779,147.6886416,63.50235943,79.34735835,120.3893639,31.61065701
Horror_20.jpg2,Horror_20,2,#151006,21,16,6,6.944259991,48.92644943,72.96405902,95.22085351,61.56163038,112.0710429,71.17588718,130.4484659,80.33044457,143.1634636,54.00405114,100.7474987,84.39484014,140.2283168,104.5904083,75.83313841,130.1993304,55.11712906
Horror_20.jpg3,Horror_20,3,#3b320c,59,50,12,32.28040505,40.81786257,61.81554691,82.75337827,51.23675637,97.28854722,46.12574238,105.4162283,61.93897195,122.9964867,50.98415466,92.82088025,101.941195,155.2693049,80.65186154,86.08100817,136.7922407,36.12694112
Horror_20.jpg4,Horror_20,4,#030301,3,3,1,1.123907169,52.80829073,76.92575547,99.22040365,65.87014836,116.7289163,76.78947637,136.0911473,84.40399603,147.4238135,56.16835728,103.2806699,81.95786122,138.2299195,110.4465114,75.72366172,130.5509357,60.64503001
Horror_20.jpg5,Horror_20,5,#dcdcdc,220,220,220,87.76087461,34.17587437,10.0564743,12.23912576,87.34543131,110.106182,68.32499269,97.3656707,82.99512353,119.7811562,49.64366258,50.22829457,109.7072342,144.8469264,83.49387837,90.3609123,118.7561554,70.06091005
Horror_20.jpg6,Horror_20,6,#302e20,48,46,32,21.04439905,36.13390604,59.73432131,81.81984941,58.01058592,106.1122177,58.78605076,117.3625952,69.82311908,131.5565357,43.7563768,89.00242083,89.24152219,143.207246,93.09288555,76.99652283,129.1885916,46.41188809
Horror_20.jpg7,Horror_20,7,#49452d,73,69,45,32.8716914,28.93874102,51.01174096,72.58342678,55.72028614,100.6808284,48.49707854,106.2461448,62.54333814,122.6994702,40.17088965,82.30532666,95.63406356,147.7593642,82.95413007,80.33875055,130.0795059,39.79087748
Horror_20.jpg8,Horror_20,8,#6b3811,107,56,17,48.11190883,45.11761996,61.51501494,80.21991,29.28077551,73.67195125,46.17837399,100.4580681,75.17012948,130.8566051,66.25983828,102.8225082,102.6710361,152.7371753,65.05041973,79.63272955,126.1028459,13.47530796
Horror_20.jpg9,Horror_20,9,#64604a,100,96,74,42.67807013,18.70761011,39.51995799,60.96635037,58.21467918,99.43011182,46.17471868,100.9103908,61.73585357,118.9497619,35.03758311,73.42858713,96.51192902,146.2025936,78.76733928,79.64615441,126.4798072,40.18461397
Horror_20.jpg10,Horror_20,10,#24220a,36,34,10,19.90346301,43.45937374,66.59364605,88.44797781,57.67139724,106.34775,58.01369277,117.3889994,68.50665677,130.9966819,49.5332192,94.74389794,94.33764492,149.0787443,93.26503393,82.35548833,135.166011,46.55654454
Horror_21.jpg1,Horror_21,1,#610f10,97,15,16,46.79219855,54.28796482,71.84971416,90.80159093,20.39853029,71.10677097,67.44061004,120.0378043,95.30297785,152.1017003,77.25596073,116.1606568,88.5923693,138.3106988,79.59672803,64.49115443,112.0451072,27.02973193
Horror_21.jpg2,Horror_21,2,#8c938f,140,147,143,60.37586877,7.569872895,17.79043466,39.88667947,72.12417454,106.5849426,56.8948069,101.9155277,70.03982384,119.7294932,29.82927721,56.48453836,95.75148903,139.6188185,83.65557694,78.91918439,119.0249049,54.64769302
Horror_21.jpg3,Horror_21,3,#dcdcdc,220,220,220,87.76087461,34.17587437,10.0564743,12.23912576,87.34543131,110.106182,68.32499269,97.3656707,82.99512353,119.7811562,49.64366258,50.22829457,109.7072342,144.8469264,83.49387837,90.3609123,118.7561554,70.06091005
Horror_21.jpg4,Horror_21,4,#070d0c,7,13,12,3.714287885,50.3694127,74.47837223,96.76894925,66.63279047,117.2173019,75.60567924,134.7556641,82.71349417,145.6085616,53.16654281,100.2935766,81.81337707,137.8662134,109.8013983,75.5844948,130.1824576,60.49549848
Horror_21.jpg5,Horror_21,5,#a80911,168,9,17,79.62842313,73.8089997,83.1864822,96.51810505,14.21243414,38.15834667,74.00568071,113.3991121,110.2143817,158.5745592,101.1235991,132.2608171,109.6320967,151.6067411,63.84145033,78.86555586,113.5410076,31.35379225
Horror_21.jpg6,Horror_21,6,#1f2522,31,37,34,14.46573914,39.75116204,63.80751271,86.0762231,64.44882703,113.5496046,67.92243131,126.3362959,75.80784774,137.9024114,43.68733412,90.37924384,83.236046,137.9805433,102.5976223,74.533107,127.7672262,55.11047748
Horror_21.jpg7,Horror_21,7,#f2f6f7,242,246,247,96.62859844,43.05770893,18.97071716,3.692635057,94.83452737,114.5652363,73.90568871,97.58878329,87.63856009,119.9527185,56.24065241,49.06758038,115.8769422,148.3950118,86.50220623,96.63554426,121.5701561,77.57364529
Horror_21.jpg8,Horror_21,8,#b3b8b4,179,184,180,74.34717896,20.90470736,4.458871534,25.86789036,79.20973258,107.6648472,60.54410967,97.70588067,74.56120587,117.7721204,38.34193766,51.02088777,103.1089306,142.7503813,81.91753302,84.7972765,119.2325431,61.30989307
Horror_21.jpg9,Horror_21,9,#424746,66,71,70,29.76800593,24.01297164,48.07796743,70.35642436,63.29430667,108.9517558,61.88990324,117.7677559,72.22875954,131.7104764,33.47838694,77.90365177,83.24585447,135.1117207,94.78998558,71.20330559,121.3644356,50.73480265
Horror_21.jpg10,Horror_21,10,#656b68,101,107,104,44.73861614,9.459642837,33.21177086,55.4506071,65.9184092,106.6071617,57.14456332,108.9239513,69.1643987,124.7484543,27.78948664,66.51882811,88.58499032,136.8260537,87.94555208,73.7809576,119.5371929,50.22151725
Horror_22.jpg1,Horror_22,1,#dddddd,221,221,221,88.11542344,34.5304232,10.41102313,11.88457693,87.59838383,110.2178758,68.51192829,97.33218663,83.17313178,119.7817746,49.92626856,50.20586333,109.9492215,144.9830334,83.54910316,90.58879338,118.8385583,70.31586464
Horror_22.jpg2,Horror_22,2,#090503,9,5,3,2.074438675,52.03844471,76.15218824,98.44502499,64.60234471,115.4487309,76.18319565,135.4528812,84.41679342,147.3725626,56.11668086,103.1431696,81.53622526,137.7457226,109.435428,74.79422665,129.5825039,59.4708805
Horror_22.jpg3,Horror_22,3,#573320,87,51,32,34.48943211,36.80270014,57.47029306,78.35019716,39.03664377,86.50040171,53.60939369,110.3041133,75.73803809,134.5561257,55.82390591,96.37229795,90.76561371,142.5784283,78.63788942,71.32133584,121.0349129,28.18019403
Horror_22.jpg4,Horror_22,4,#392014,57,32,20,22.75980903,41.90543211,64.71091406,86.42879533,46.12883582,95.88074944,61.53861471,119.7944452,78.66663802,139.7169415,55.80141225,99.7251202,86.21588397,140.1711466,89.81890707,70.81718205,123.2544313,38.96884107
Horror_22.jpg5,Horror_22,5,#bd6e3f,189,110,63,72.29159895,47.64705064,53.04639293,65.96469652,35.60735956,59.90510788,43.86894206,85.26493172,80.03876916,126.1273319,73.77404249,99.25488088,113.6014269,157.4622235,44.94530037,85.60656498,122.769791,17.02752951
Horror_22.jpg6,Horror_22,6,#21130c,33,19,12,11.37569475,47.02345059,70.86910553,93.03727214,55.74236226,106.3279613,69.9434453,128.9192792,82.22153286,144.5736177,55.73456142,101.783799,82.28706333,137.7374936,100.8952384,71.52434603,125.6452376,50.31988982
Horror_22.jpg7,Horror_22,7,#8e2f18,142,47,24,62.5298525,56.33120994,68.6710756,84.71389331,12.41518139,55.49816247,59.06609098,105.8192042,92.77118885,144.5540727,82.13429462,115.517235,102.5324761,148.7482368,61.89986502,74.65111338,116.0408221,14.32944334
Horror_22.jpg8,Horror_22,8,#917967,145,121,103,54.63882072,14.85566998,29.16203095,49.67283903,55.44046667,91.24375922,47.46710707,96.69885901,68.96725404,121.2051064,41.71436509,72.19451042,96.68448993,142.817326,71.47658531,75.8894346,118.2755585,37.3163626
Horror_22.jpg9,Horror_22,9,#edac65,237,172,101,89.30203435,52.88889507,48.38233283,54.3491364,59.33333254,70.850749,38.9870341,65.72505535,74.00886526,109.9253941,75.30014031,89.18941479,130.2843969,171.1754134,34.33430853,102.9086389,135.0323629,39.24031698
Horror_22.jpg10,Horror_22,10,#7f5133,127,81,51,49.18059254,33.38899788,49.01097074,68.02089129,37.01156308,77.86669131,44.46929536,97.77589652,72.30699158,127.0673719,56.94181873,91.57125142,98.9643654,147.6796502,64.98309723,75.92610543,121.108585,18.82463484
Horror_23.jpg1,Horror_23,1,#040503,4,5,3,1.534069278,52.31908694,76.43627223,98.73078763,65.93245122,116.7426051,76.48903134,135.76761,84.03562982,147.0345504,55.60603989,102.7177326,81.96567161,138.1971703,110.2413747,75.69713931,130.4824314,60.52748242
Horror_23.jpg2,Horror_23,2,#777f67,119,127,103,53.84465448,14.34067707,29.45168327,50.13941588,66.8113574,103.5568674,44.92858904,95.03318989,58.41011939,111.8954724,29.81212564,62.16511608,102.1942147,149.3154239,77.42043769,85.25973606,128.7555004,46.91579266
Horror_23.jpg3,Horror_23,3,#8d947b,141,148,123,61.81251546,15.73789879,22.66154437,42.35749461,70.03632677,103.2837161,45.42624004,91.1943188,59.86399034,109.6238487,32.34214598,57.76486644,105.6199536,150.6386981,74.95150298,87.62848135,128.3386545,49.61377509
Horror_23.jpg4,Horror_23,4,#191f14,25,31,20,13.78436127,43.59961325,67.41819478,89.579023,63.80380454,113.1150739,65.20800738,124.2537423,72.59391957,135.2868562,46.62324035,93.22530632,88.81216197,143.9390856,101.0641824,79.73703499,133.2040494,53.96649499
Horror_23.jpg5,Horror_23,5,#48523e,72,82,62,36.01209563,24.09316578,46.175713,67.83383728,63.1383247,106.7855223,49.97609126,106.2661129,60.1046369,119.6578512,31.68049059,74.28765357,95.7567454,147.0830493,86.2667307,81.98032732,130.8675874,46.33386523
Horror_23.jpg6,Horror_23,6,#30392a,48,57,42,25.18638124,32.70893547,56.03645871,78.02951856,62.88180426,109.7181006,56.91085692,114.8890279,65.4066313,126.88059,37.36797443,82.73248125,91.60303859,144.9393841,93.32341702,80.07617287,131.4658068,49.26993469
Horror_23.jpg7,Horror_23,7,#5f6852,95,104,82,44.82892826,17.53371423,37.62204036,58.94467516,64.3052055,104.7528674,46.61244093,100.3947903,58.5545506,115.4972218,29.35836937,67.90136845,98.57268536,147.8982061,81.43477118,83.09721026,129.4677745,45.67048424
Horror_23.jpg8,Horror_23,8,#a5aa93,165,170,147,69.81674823,19.72335402,15.62860313,33.84217319,74.09812497,103.7662078,48.916113,89.33530893,63.94908889,109.4353106,36.47344538,54.09479224,108.2882016,150.8609464,74.25054856,89.43281937,126.9603314,53.885522
Horror_23.jpg9,Horror_23,9,#dddddc,221,221,220,88.09141083,34.50881049,10.39854304,11.92152362,87.46737722,110.0428698,68.06022859,96.81984981,82.75576108,119.3130023,49.88802442,50.17600938,110.2979201,145.4354644,83.13462626,90.88715873,119.2318443,70.08124037
Horror_23.jpg10,Horror_23,10,#bfc3b0,191,195,176,78.68747932,26.49643306,10.25960417,24.25770566,79.90413834,105.8099903,54.92360528,89.11788682,69.85205702,110.5170813,42.107693,50.84874645,111.3843086,151.0433703,75.60933606,91.98097887,125.7411069,60.30840808
Horror_24.jpg1,Horror_24,1,#758d8d,117,141,141,57.53872384,9.539207605,22.71442665,44.08640517,76.49272033,113.0038813,59.90093308,106.1535114,69.00154659,119.9624516,22.78146427,53.56196078,94.26612822,138.9942489,89.84135521,80.06429488,121.5191891,59.31184576
Horror_24.jpg2,Horror_24,2,#4b2c25,75,44,37,27.59829159,36.16953287,58.55276408,80.14455213,44.39621286,93.0111524,61.07655791,118.1356071,79.91868068,139.8269586,53.40899893,95.96510871,83.09119486,135.8889161,87.3066854,65.97292613,117.417055,36.66636018
Horror_24.jpg3,Horror_24,3,#324746,50,71,70,29.73970987,26.58515423,50.00980121,72.07197776,69.31998604,115.0853493,63.39180569,119.2069529,69.922139,129.7244603,29.16885962,75.14186791,85.38662075,137.4203844,98.8395181,75.64684854,125.8749512,56.11384198
Horror_24.jpg4,Horror_24,4,#121918,18,25,24,8.747967139,45.67832633,69.75253738,92.02741582,66.58294869,116.5612725,72.57117511,131.3980499,79.47227451,142.061453,48.25736049,95.31368849,82.19945245,137.7264529,107.3169045,75.27304768,129.3254548,58.90183438
Horror_24.jpg5,Horror_24,5,#1f2e2d,31,46,45,18.8394025,36.57673953,60.45226787,82.6484927,67.79207577,116.0806977,67.71600712,125.458192,74.09326501,135.6989036,38.56280419,85.38934626,83.36123577,137.4735283,103.2776556,75.25744934,127.7924461,57.23361804
Horror_24.jpg6,Horror_24,6,#dcdcdc,220,220,220,87.76087461,34.17587437,10.0564743,12.23912576,87.34543131,110.106182,68.32499269,97.3656707,82.99512353,119.7811562,49.64366258,50.22829457,109.7072342,144.8469264,83.49387837,90.3609123,118.7561554,70.06091005
Horror_24.jpg7,Horror_24,7,#4d6665,77,102,101,42.39042478,15.74073997,37.7445357,59.55995918,72.08370708,114.0938146,60.19315322,112.5588666,67.46519079,124.0318853,21.47009428,64.14498292,88.97864054,138.0095745,94.22855152,77.23776293,123.968348,56.49208868
Horror_24.jpg8,Horror_24,8,#e5ebeb,229,235,235,92.63105661,39.0791364,15.05169602,7.689331128,92.22335356,113.5753475,71.21537975,97.27786062,84.74675985,118.9448985,52.42518976,48.02827209,113.5242496,147.3486389,85.61074826,94.54740737,121.2602663,74.74388338
Horror_24.jpg9,Horror_24,9,#9fb7b7,159,183,183,73.1764668,20.94331119,9.998351673,28.66651922,83.96225866,114.3062016,63.16242127,101.1747065,73.26237155,117.0475745,32.4871829,45.40668765,102.4642408,142.5014647,87.836025,86.4813046,121.8489337,65.97054842
Horror_24.jpg10,Horror_24,10,#040505,4,5,5,1.34154573,52.27316324,76.39233179,98.68781844,66.14683924,116.9669129,77.06434383,136.3071357,84.62907201,147.5992563,55.59552636,102.7059307,81.19357992,137.433549,110.6927925,75.09401619,129.8983478,60.88838807
Horror_25.jpg1,Horror_25,1,#5a171d,90,23,29,39.04896105,47.9827125,67.27913072,87.27711286,30.38933245,80.1145231,69.40310993,123.7097379,94.07311363,152.2957654,69.90823315,110.1727922,80.38713846,131.3994911,85.89430144,58.3663563,108.383784,32.97074421
Horror_25.jpg2,Horror_25,2,#dddddd,221,221,221,88.11542344,34.5304232,10.41102313,11.88457693,87.59838383,110.2178758,68.51192829,97.33218663,83.17313178,119.7817746,49.92626856,50.20586333,109.9492215,144.9830334,83.54910316,90.58879338,118.8385583,70.31586464
Horror_25.jpg3,Horror_25,3,#09080d,9,8,13,3.184791152,51.27383583,75.37891379,97.66756412,65.93521364,116.7065586,77.95049322,137.0430433,85.93013801,148.7536057,55.13839726,102.1581688,78.87119396,135.0572481,111.0411817,72.83948304,127.6313462,60.98621244
Horror_25.jpg4,Horror_25,4,#f8a547,248,165,71,97.7502677,66.73771522,63.49743235,68.38632708,58.97328608,61.6979013,42.22244843,60.98283994,80.08482431,112.2741889,88.99784651,103.2836744,140.5093512,181.3226212,19.78843103,111.6338252,142.5320951,41.35098901
Horror_25.jpg5,Horror_25,5,#861720,134,23,32,59.65792322,57.76628077,71.49207649,88.23824903,13.51738429,59.50654787,70.46564152,118.3039711,102.0239313,155.6826851,84.09055121,119.25983,91.27602939,137.2073318,74.10450335,63.05233988,105.5438645,26.40220077
Horror_25.jpg6,Horror_25,6,#28131b,40,19,27,15.14413386,46.26657608,69.8216451,91.85646748,55.54664047,105.9364274,76.12757331,134.2588007,89.75926137,151.5320241,57.29417514,102.7287361,72.97622575,128.3008024,104.305611,62.2992075,116.739458,52.69978189
Horror_25.jpg7,Horror_25,7,#ad202b,173,32,43,73.8972594,65.26042646,74.78026183,88.65267817,16.11079927,46.49895737,74.25449767,115.9579427,108.9980997,158.8295002,93.49054065,124.6673479,99.15328161,140.9355685,68.23376094,68.00522793,103.7204849,30.58750196
Horror_25.jpg8,Horror_25,8,#dc3431,220,52,49,90.97185311,76.52837613,81.497074,91.66480395,28.75593882,30.01063873,77.78152936,110.5438717,115.4840024,159.7927776,105.4879249,131.9139248,114.3323975,152.1336744,59.57234378,81.5053716,109.5557744,38.95777402
Horror_25.jpg9,Horror_25,9,#757175,117,113,117,48.18980345,6.186638732,29.7389504,51.97504653,64.62309724,103.9920994,60.42360085,110.5399849,74.71559607,128.8628946,31.91957088,67.43777858,85.13494605,132.0388425,87.66282339,68.92632313,113.3412765,50.12825487
Horror_25.jpg10,Horror_25,10,#f16829,241,104,41,97.62648363,76.88400292,78.45989771,86.12261803,40.49015597,32.55937811,63.20303564,87.84850254,102.6999349,140.7396655,103.7787708,125.4143196,131.8947499,171.1056449,35.98337468,100.0820569,128.6450416,37.03681446
Horror_26.jpg1,Horror_26,1,#142028,20,32,40,13.74699673,42.73103379,66.61045268,88.79966461,69.23358569,118.6909605,76.1329202,134.1606929,82.83010235,144.7089057,45.18513915,91.96111935,76.38248103,131.4591554,110.0906293,70.59259254,124.2484507,61.82590376
Horror_26.jpg2,Horror_26,2,#dddddd,221,221,221,88.11542344,34.5304232,10.41102313,11.88457693,87.59838383,110.2178758,68.51192829,97.33218663,83.17313178,119.7817746,49.92626856,50.20586333,109.9492215,144.9830334,83.54910316,90.58879338,118.8385583,70.31586464
Horror_26.jpg3,Horror_26,3,#3b4a4f,59,74,79,31.12497987,24.17105594,47.80531939,69.94767249,68.1638685,113.5955038,65.78532507,120.9474713,73.99262853,133.0697328,30.30943136,75.24599293,81.18844326,132.7447168,99.18889883,70.9535996,120.830896,55.89672784
Horror_26.jpg4,Horror_26,4,#0c1219,12,18,25,7.462634805,48.62717321,72.65029754,94.90034997,68.07189412,118.453231,78.55933488,137.2863395,85.79574843,148.3140439,51.68184181,98.63401243,76.68475962,132.5947794,111.9958473,71.34924106,125.8548769,62.43382525
Horror_26.jpg5,Horror_26,5,#213138,33,49,56,20.81399867,35.23926633,58.99111398,81.14005453,69.17447601,117.2275859,71.65594907,128.7175503,78.40946056,139.3719409,37.95272475,84.41907935,78.22537511,132.0173676,105.9136937,70.87576038,123.1931576,59.54898592
Horror_26.jpg6,Horror_26,6,#848e8f,132,142,143,58.38620288,6.05560147,19.82280313,41.91809954,72.84348004,108.4317043,59.57324822,105.391571,71.74421834,122.2234563,28.13510588,56.80999148,92.74905381,136.9325325,86.85477876,76.82466022,117.574253,56.14784201
Horror_26.jpg7,Horror_26,7,#010102,1,1,2,0.499071133,53.29252613,77.41145312,99.70681933,66.40151094,117.3135117,78.01168026,137.2855147,85.58432145,148.5912805,56.62040138,103.7449021,80.88380209,137.2117285,111.4899527,75.03428004,129.9284685,61.51786196
Horror_26.jpg8,Horror_26,8,#b6bbbc,182,187,188,75.54775621,22.02115786,2.894356001,24.55011696,80.57682222,108.7592391,63.47538135,100.0306473,77.30522447,120.0776065,39.28126169,50.77744799,101.7930435,140.6480137,84.02346901,83.66971701,117.2749203,63.27527618
Horror_26.jpg9,Horror_26,9,#05070c,5,7,12,2.855453974,51.72480216,75.83028804,98.11910807,66.8032931,117.580367,78.26472836,137.3812284,85.80547426,148.670509,55.06087662,102.1421824,79.23590237,135.4531679,111.6658055,73.54786778,128.3495364,61.74016412
Horror_26.jpg10,Horror_26,10,#5d6a6d,93,106,109,44.18644058,11.12017872,34.27365162,56.40110144,69.15135572,110.3367274,61.17995163,112.7375453,71.37855975,127.0050242,25.53214226,65.37163461,85.98761773,134.2193561,92.36586741,72.69451548,118.6305301,54.28019258
Horror_27.jpg1,Horror_27,1,#221c14,34,28,20,12.61941073,43.389288,67.3240403,89.5371437,58.27263126,108.132009,66.41399323,125.4057615,77.15541138,139.5143168,50.44970131,96.60831343,84.93019365,140.0611037,99.39218868,74.38726448,128.030487,50.32992694
Horror_27.jpg2,Horror_27,2,#17150f,23,21,15,7.758192858,46.93232493,71.00121811,93.2733433,62.20704403,112.487735,70.67066773,129.8033219,79.53649869,142.25243,51.77248951,98.52982941,83.71125543,139.3699389,104.3558808,75.20797832,129.4064228,55.18684341
Horror_27.jpg3,Horror_27,3,#5d523f,93,82,63,37.7128372,22.26025243,44.18767388,65.83509158,54.08419948,97.41862253,48.91678206,104.8442438,65.51781036,123.798502,39.03076062,79.11731116,93.04448714,143.7158304,80.2872321,76.11184342,124.3148675,37.83733432
Horror_27.jpg4,Horror_27,4,#0f0d07,15,13,7,4.490066306,49.9971506,74.09439975,96.37938172,63.76247241,114.3782948,73.55495638,132.8013828,81.84990816,144.7480038,54.13791956,101.092036,83.03185224,139.0286715,107.2078573,75.56172269,130.110621,57.68576523
Horror_27.jpg5,Horror_27,5,#463d2e,70,61,46,28.38401562,29.36471399,52.55426812,74.51726499,54.26721303,100.7306681,54.48715949,112.0699413,68.78858778,129.0950147,41.86860791,85.14352383,89.48473658,142.0500895,86.85926558,74.65615994,125.281588,40.99586944
Horror_27.jpg6,Horror_27,6,#67201f,103,32,31,43.58244428,47.20579138,65.19676817,84.58599447,25.7982563,74.93641203,65.35854434,118.5591093,92.06493621,149.1028107,70.57483345,109.3386078,85.02182697,134.9243464,79.87641136,61.33219548,109.5428111,27.1734315
Horror_27.jpg7,Horror_27,7,#9c917e,156,145,126,61.72481822,13.564641,20.64161253,41.04508781,64.53007997,97.13496054,47.9689728,93.3219635,66.59423896,115.9003343,37.87302366,63.09416421,101.3268665,145.6285173,72.66533495,81.47103779,121.3745056,45.3722423
Horror_27.jpg8,Horror_27,8,#786c58,120,108,88,47.99782857,14.93773482,34.07011462,55.33860204,56.97667441,95.95519948,46.34918534,98.82674759,64.60327234,119.6238411,37.00664124,72.00797303,96.26763565,144.4077518,75.48486451,77.68700333,122.638524,38.69105605
Horror_27.jpg9,Horror_27,9,#dddddd,221,221,221,88.11542344,34.5304232,10.41102313,11.88457693,87.59838383,110.2178758,68.51192829,97.33218663,83.17313178,119.7817746,49.92626856,50.20586333,109.9492215,144.9830334,83.54910316,90.58879338,118.8385583,70.31586464
Horror_27.jpg10,Horror_27,10,#34291d,52,41,29,20.2639685,37.53024675,61.0889392,83.15268005,53.78373275,102.5538014,60.27687392,118.820403,73.65754798,135.1764527,47.90421103,92.75576625,86.9049617,140.9631711,92.30718707,73.64090315,126.0771614,43.83511369
Horror_3.jpg1,Horror_3,1,#1a1611,26,22,17,8.444278826,46.21055799,70.27575516,92.54635654,61.057036,111.3292072,70.43612027,129.5017823,79.96637476,142.5729196,51.86938442,98.49796706,82.97397869,138.5499739,103.6080612,74.03678465,128.1858682,54.2078737
Horror_3.jpg2,Horror_3,2,#030202,3,2,2,0.666978861,52.97908432,77.09825678,99.39374476,65.92275578,116.8182673,77.48165525,136.7593481,85.21535805,148.2144051,56.48833532,103.5919784,81.13902178,137.4379408,110.9197084,75.044205,129.9118358,60.96037633
Horror_3.jpg3,Horror_3,3,#0d0c0a,13,12,10,3.466164853,50.24720165,74.36395244,96.65827982,64.6542362,115.317303,75.04724446,134.2308993,83.14121354,146.0109682,54.19575277,101.2032446,81.56869266,137.6210088,108.5730881,74.62857767,129.25631,58.90120596
Horror_3.jpg4,Horror_3,4,#968778,150,135,120,58.20922595,11.20031443,23.04247609,44.05283976,61.6955847,95.93302288,49.5252696,96.51677606,68.59469802,119.3200721,38.03390402,65.99086488,97.62712898,142.5979191,74.05809033,77.74661812,118.7299366,43.45645933
Horror_3.jpg5,Horror_3,5,#2a221b,42,34,27,15.40505766,40.21489055,64.12907129,86.33658306,56.8652358,106.324569,65.04045909,123.7139215,76.74168629,138.6997681,48.69576313,94.46057739,83.97036427,138.6592371,97.39735393,72.53049017,125.7639657,48.42399338
Horror_3.jpg6,Horror_3,6,#0f2c16,15,44,22,25.42520422,43.36292789,65.64994288,87.12418777,71.20512076,118.4372916,58.61585079,116.9563631,60.55200898,123.4109944,40.10751817,85.72882144,99.56468063,153.9337476,99.22542036,90.79713846,143.1365473,57.25659665
Horror_3.jpg7,Horror_3,7,#dddddd,221,221,221,88.11542344,34.5304232,10.41102313,11.88457693,87.59838383,110.2178758,68.51192829,97.33218663,83.17313178,119.7817746,49.92626856,50.20586333,109.9492215,144.9830334,83.54910316,90.58879338,118.8385583,70.31586464
Horror_3.jpg8,Horror_3,8,#543f33,84,63,51,31.43740609,28.21360402,50.82933426,72.60106677,49.11359543,95.31848163,55.18219821,111.8718954,72.84598273,132.1063555,45.4330344,87.15931236,87.0615551,138.9015802,84.01427475,70.130244,120.1318875,36.78284772
Horror_3.jpg9,Horror_3,9,#3a3028,58,48,40,21.9962588,33.71765332,57.48914497,79.64942369,55.02937599,103.1903613,60.9299473,118.8811921,74.17082973,135.2096731,44.80473235,89.48243534,84.57828059,138.1592798,92.64867758,71.3054502,123.3435457,44.70283169
Horror_3.jpg10,Horror_3,10,#745649,116,86,73,42.54671637,21.61129569,41.67296119,62.80982525,47.53377902,89.6786286,51.62786988,105.3802597,72.93570757,129.2146963,45.41050412,82.55830927,89.50344537,138.6900657,76.66354931,69.49166655,116.2135204,32.78774559
Horror_4.jpg1,Horror_4,1,#757070,117,112,112,47.71918938,6.254022985,30.0987532,52.36470444,63.35359916,102.786689,58.08038158,108.6068426,72.79957,127.1759877,32.11186798,67.87958879,86.93234646,134.123386,85.74723798,70.36589735,114.9772925,48.26011548
Horror_4.jpg2,Horror_4,2,#481a1a,72,26,26,29.63660868,44.56073693,66.01708993,87.09936516,38.56611487,88.73925566,67.4722177,123.9372401,88.45802077,148.2644179,63.08560871,105.4626114,80.04408376,132.9323129,89.59742762,61.68217218,113.611357,36.80401018
Horror_4.jpg3,Horror_4,3,#030202,3,2,2,0.666978861,52.97908432,77.09825678,99.39374476,65.92275578,116.8182673,77.48165525,136.7593481,85.21535805,148.2144051,56.48833532,103.5919784,81.13902178,137.4379408,110.9197084,75.044205,129.9118358,60.96037633
Horror_4.jpg4,Horror_4,4,#0e0808,14,8,8,3.134060573,51.04606497,75.15535093,97.44605441,63.86858425,114.673864,76.08532729,135.2682016,84.77654412,147.6312482,55.69379814,102.6378956,80.44419795,136.5791143,108.9510115,73.4320127,128.1790635,58.83457995
Horror_4.jpg5,Horror_4,5,#190e0d,25,14,13,6.966802346,48.86345896,72.9018711,95.15906983,60.17027466,110.893102,74.04164803,133.0753771,84.49355925,147.0991687,55.60539121,102.1820222,79.87242969,135.7353315,105.762348,71.23321028,125.7880727,55.27180942
Horror_4.jpg6,Horror_4,6,#6f2724,111,39,36,45.46706216,45.67599756,63.00024573,82.12340372,25.27877456,73.43514297,63.76487159,116.3595812,91.15724667,147.582986,69.85028402,107.7573646,86.06469739,135.382209,77.5510093,61.70132926,109.094763,25.25901244
Horror_4.jpg7,Horror_4,7,#360b0a,54,11,10,25.51203505,50.18480096,72.34184765,93.68959323,41.70048986,92.74781226,71.53687189,128.86235,90.81328783,151.6224458,66.22547762,110.010758,79.65313918,133.6790188,94.87084975,63.51165917,116.5869388,41.82468326
Horror_4.jpg8,Horror_4,8,#281413,40,20,19,14.37547441,45.99746112,69.63665711,91.71105523,53.05294658,103.6432485,71.1125025,129.650143,85.08191464,147.0148672,56.91058689,102.4444288,79.06317206,134.2332039,100.1570831,67.25926666,121.3015148,48.82071822
Horror_4.jpg9,Horror_4,9,#a34038,163,64,56,63.03199585,49.71964871,60.58532083,76.2452851,20.91950489,58.55962091,62.57230701,108.2332258,95.35450796,146.6689835,77.72150011,109.4260068,95.08650051,139.5665462,65.1709373,66.04199103,106.0757081,20.81380111
Horror_4.jpg10,Horror_4,10,#dddddd,221,221,221,88.11542344,34.5304232,10.41102313,11.88457693,87.59838383,110.2178758,68.51192829,97.33218663,83.17313178,119.7817746,49.92626856,50.20586333,109.9492215,144.9830334,83.54910316,90.58879338,118.8385583,70.31586464
Horror_5.jpg1,Horror_5,1,#dddddd,221,221,221,88.11542344,34.5304232,10.41102313,11.88457693,87.59838383,110.2178758,68.51192829,97.33218663,83.17313178,119.7817746,49.92626856,50.20586333,109.9492215,144.9830334,83.54910316,90.58879338,118.8385583,70.31586464
Horror_5.jpg2,Horror_5,2,#66635e,102,99,94,42.21346303,11.95167132,35.76624518,58.00455672,61.44605049,102.9488534,55.87100138,108.7441853,69.89143305,126.2201273,31.91324863,70.96467967,87.77823315,136.6930534,85.86319153,71.98480165,118.547427,46.19624527
Horror_5.jpg3,Horror_5,3,#34322c,52,50,44,21.21233625,33.04655429,57.05504435,79.30800928,59.33928082,107.2868672,62.30808299,120.1510927,73.28620499,134.4790817,41.48648168,86.89188331,84.23978868,137.888173,95.49920675,72.47595557,124.5576486,48.54543728
Horror_5.jpg4,Horror_5,4,#04120f,4,18,15,6.509836721,49.36176467,73.40595994,95.66572362,68.34295068,118.6505889,74.2561697,133.3310806,80.17213006,143.062966,50.72660798,97.93594692,83.69529759,139.5763427,109.5651313,77.69634253,132.0693947,61.09615184
Horror_5.jpg5,Horror_5,5,#010808,1,8,8,2.637048927,51.83601894,75.94388195,98.23385489,67.44819077,118.1596814,76.9229011,136.1242053,83.76452355,146.7287286,54.31861796,101.4939066,81.6258878,137.8107092,111.1287744,75.89896982,130.6241458,61.68805283
Horror_5.jpg6,Horror_5,6,#4e4840,78,72,64,31.47240229,23.37590741,47.12456152,69.30558361,57.39970966,102.6854563,56.81848915,113.0010028,70.4081374,129.6854181,37.25731443,80.11332854,86.30645975,137.9268496,88.48163208,71.72840488,121.4825277,44.0169966
Horror_5.jpg7,Horror_5,7,#080d08,8,13,8,4.135743495,50.42695055,74.52480951,96.81004073,65.94510464,116.5066219,74.34381854,133.573756,81.54950621,144.5039928,53.31299486,100.4145558,83.30790538,139.3440532,108.7089429,76.6461495,131.2066179,59.5484711
Horror_5.jpg8,Horror_5,8,#21211d,33,33,29,12.9291808,41.07921747,65.16141321,87.44086638,61.78135284,111.2557135,67.80384602,126.458952,77.0230511,139.2282815,46.62688945,93.10646456,83.02177332,137.9749311,101.5691133,73.60216253,127.0921299,53.22794759
Horror_5.jpg9,Horror_5,9,#8d8e89,141,142,137,58.87184236,5.949783447,19.1171403,41.2967625,69.33422048,104.1329714,55.80989444,101.6559275,70.27777784,120.5893873,31.45269366,59.22277551,94.89630228,139.18553,82.0910659,77.43306493,118.027831,52.01326956
Horror_5.jpg10,Horror_5,10,#151412,21,20,18,6.492007703,47.25000429,71.36304387,93.65567842,63.44095099,113.8045771,72.81210637,131.8434852,81.3709573,144.0465752,51.80658579,98.66918577,81.61745352,137.3626784,106.3027827,73.83956119,128.1702401,56.91552948
Horror_6.jpg1,Horror_6,1,#c1c9c9,193,201,201,80.4156062,26.93438379,3.929739463,19.84850648,84.30079333,110.6400011,65.09580444,98.71030726,78.4164236,118.7323717,42.06362134,48.43483622,105.4937288,143.0067496,84.41236908,87.31053303,119.0858057,66.7082974
Horror_6.jpg2,Horror_6,2,#060607,6,6,7,1.713051861,51.9217007,76.040606,98.33596445,65.89280894,116.7014214,77.11246038,136.3221403,84.85662251,147.7888893,55.46393641,102.5469146,80.68003204,136.8982274,110.5770895,74.50602524,129.300686,60.6994914
Horror_6.jpg3,Horror_6,3,#dcdddd,220,221,221,88.04096856,34.45709847,10.34203669,11.96511779,87.78210048,110.51217,68.50768833,97.38038611,82.99725687,119.6215193,49.65153791,49.85355883,109.9744339,145.050601,83.74683492,90.71286405,119.0397199,70.45877648
Horror_6.jpg4,Horror_6,4,#a0a8a9,160,168,169,68.33967895,14.99509748,9.903104506,31.87046883,77.19168817,108.5712915,61.31608716,101.9975784,74.40434956,120.5469413,33.71826138,52.42092556,97.8046147,138.9293055,84.97975895,80.5889459,117.2876611,59.98668174
Horror_6.jpg5,Horror_6,5,#3e3c3e,62,60,62,25.6244401,28.05617849,52.15448426,74.4427382,60.86503658,107.7709813,64.90175408,121.4355194,76.28310459,136.3529911,38.47417468,83.12009768,79.75382347,132.4652706,96.58625565,67.84648742,119.130011,50.2985244
Horror_6.jpg6,Horror_6,6,#161415,22,20,21,6.651162241,47.05012247,71.16467522,93.4580196,63.52301503,113.9109082,74.15697126,133.0662813,82.97748235,145.5472342,51.99590654,98.80691339,79.61757324,135.3713729,107.145362,72.0474153,126.4365571,57.47180916
Horror_6.jpg7,Horror_6,7,#e9ebec,233,235,236,92.92929963,39.34981133,15.24556666,7.127808915,91.6565665,112.6146763,71.66073029,97.59787874,85.82451458,120.044308,53.47565124,49.48185273,113.0882685,146.6397363,85.25205072,93.78922606,120.0928937,74.43176768
Horror_6.jpg8,Horror_6,8,#282628,40,38,40,15.53257799,38.1858449,62.29034287,84.57972485,61.66578723,110.7792858,69.70063332,127.7372365,79.73176785,141.3594253,45.25013069,91.36790833,78.68314666,133.2579465,102.1682908,69.1070857,122.3649399,53.61420121
Horror_6.jpg9,Horror_6,9,#595d5f,89,93,95,39.25815867,14.52284435,38.55275732,60.82867076,64.69358353,107.4276277,60.88124838,114.1164337,72.58100059,129.585609,29.9314525,71.09004735,83.80907636,133.3108193,91.69509151,70.0496025,117.5474826,50.83841154
Horror_6.jpg10,Horror_6,10,#7c8485,124,132,133,54.62433797,3.284950035,23.38316922,45.5749484,70.63139129,107.6557322,59.18149916,106.7376204,71.51573251,123.479136,27.73197078,59.60638751,90.76514721,136.0392825,87.2290259,75.06652166,117.2246695,54.33432799
Horror_7.jpg1,Horror_7,1,#624e3c,98,78,60,37.80692198,24.02378746,45.47212909,66.93599718,49.78301012,93.53172641,49.692826,105.4987435,68.61532258,126.6048309,43.15710514,82.67403547,91.67395304,142.2754744,78.69617138,73.54161943,121.7500569,34.37005688
Horror_7.jpg2,Horror_7,2,#634120,99,65,32,41.5865037,36.16085941,54.69820179,74.7239791,39.31105135,83.59956302,44.50146236,100.996799,69.02630366,126.5251907,55.42148934,93.46644497,99.10583162,149.9714881,70.36136397,78.5058693,126.3601452,22.66899394
Horror_7.jpg3,Horror_7,3,#482c13,72,44,19,31.45192402,40.22300968,61.44122899,82.48574401,41.74691721,89.75145399,52.43901741,110.390465,72.72647744,132.612106,56.08941996,97.79119619,93.99331709,146.7947467,80.2780912,76.0543303,126.6420544,30.52175584
Horror_7.jpg4,Horror_7,4,#311f11,49,31,17,19.89996879,42.45415307,65.64710783,87.53284828,49.81902296,99.50543118,61.45022562,120.1976846,76.55072719,138.1601438,54.01340364,98.6543267,87.51902252,141.9163928,91.79906017,73.51251151,126.3133049,41.81526321
Horror_7.jpg5,Horror_7,5,#948676,148,134,118,57.76252772,11.28906227,23.60439598,44.60100157,61.65844245,96.1128338,48.90868405,96.22671507,67.83608781,118.7855864,37.66189201,65.97818266,97.96918865,143.1466708,73.95494398,78.21546501,119.4318379,43.2393564
Horror_7.jpg6,Horror_7,6,#120d09,18,13,9,4.669469709,49.70844937,73.80717412,96.09289115,62.84124679,113.5059579,73.89251622,133.0865252,82.78812391,145.6101902,54.57215225,101.4452397,81.9147861,137.8936385,106.9833776,74.1978033,128.7676646,57.14692445
Horror_7.jpg7,Horror_7,7,#dddddc,221,221,220,88.09141083,34.50881049,10.39854304,11.92152362,87.46737722,110.0428698,68.06022859,96.81984981,82.75576108,119.3130023,49.88802442,50.17600938,110.2979201,145.4354644,83.13462626,90.88715873,119.2318443,70.08124037
Horror_7.jpg8,Horror_7,8,#433528,67,53,40,25.91230714,32.31648131,55.55518707,77.51674109,51.93546063,99.43512249,56.82810278,114.658531,71.9622827,132.5243112,45.45255988,89.01479368,87.53213864,140.5508512,87.9589646,72.59020494,123.858263,40.34221437
Horror_7.jpg9,Horror_7,9,#1f150e,31,21,14,10.40015641,46.34268768,70.28387415,92.49713556,57.55731019,107.9690555,69.42126119,128.4702576,80.70144001,143.1587272,53.95079609,100.1974346,83.05674437,138.5262025,101.353902,72.831825,126.9137787,51.32213977
Horror_7.jpg10,Horror_7,10,#86643d,134,100,61,53.33421783,29.94545863,43.52182269,62.0564236,45.11256732,82.13339478,37.175316,90.30568683,64.57551387,118.1931666,52.02352497,84.14048559,104.822948,152.9289933,61.60547876,82.55118523,126.5119263,23.56744749
Horror_8.jpg1,Horror_8,1,#554e48,85,78,72,34.01945859,20.51608424,44.31272735,66.51709497,57.72485119,102.2036665,57.08370941,112.4726513,71.15882921,129.7149898,36.30031956,78.30266287,85.59642259,136.5681283,87.89520408,70.542422,119.612864,44.15864819
Horror_8.jpg2,Horror_8,2,#2f2520,47,37,32,16.88337067,38.45628136,62.37329244,84.58410276,56.09161356,105.347816,65.188581,123.5653359,77.55909477,139.2084169,48.05423075,93.54374613,82.4314927,136.8598113,96.82665129,70.53391927,123.5779522,47.73483561
Horror_8.jpg3,Horror_8,3,#978d7f,151,141,127,59.78873221,10.48096422,20.60215521,41.83430924,64.60008464,98.28539018,50.45243189,96.46486826,68.25665791,118.3030744,36.37058844,63.11848248,98.34905053,142.8477262,75.39499986,78.9868909,119.3997978,46.24587554
Horror_8.jpg4,Horror_8,4,#0b0b0b,11,11,11,3.022897848,50.56210242,74.68150249,96.97710255,65.293874,115.9839169,75.92882404,135.0874788,83.84011707,146.7057153,54.31185497,101.3504516,80.8850552,136.9788991,109.4390367,74.29972939,128.97429,59.70943549
Horror_8.jpg5,Horror_8,5,#f5eddf,245,237,223,94.33361245,41.16494673,18.05483075,9.784546789,88.80031939,107.5200317,65.94304623,89.5269521,82.28020365,114.9726054,56.64260686,53.20819384,118.4854017,152.9314277,77.41680036,97.53880202,124.1753851,70.60366649
Horror_8.jpg6,Horror_8,6,#c8bcae,200,188,174,77.36275745,24.88295708,8.837135886,24.75464252,75.07488405,100.5694988,56.16996341,91.29824372,74.24426164,115.8949446,45.3006449,56.68684391,107.4171146,146.7297739,73.76354179,86.64123678,119.9307072,56.61645716
Horror_8.jpg7,Horror_8,7,#110f0f,17,15,15,4.537592224,49.11673683,73.23421613,95.52890347,64.13219081,114.7219407,74.94050966,134.0203282,83.39765681,146.1526563,53.54067374,100.472116,80.50397392,136.4627355,108.1528839,73.34627971,127.9104394,58.39169626
Horror_8.jpg8,Horror_8,8,#b53333,181,51,51,73.58616184,61.61685846,70.30200543,83.88280344,18.23555128,47.23101251,70.47517619,111.7232543,105.4367519,154.6008118,90.14667223,120.2745415,100.0885244,141.8489951,64.60930241,68.93650825,104.4902229,27.73764779
Horror_8.jpg9,Horror_8,9,#dddcdc,221,220,220,87.83719605,34.25334549,10.13842287,12.1688344,87.16159485,109.810929,68.33066623,97.31810341,83.17262986,119.942247,49.92148898,50.58103839,109.683233,144.780182,83.29607261,90.23753038,118.555159,69.9183396
Horror_8.jpg10,Horror_8,10,#040301,4,3,1,1.195289134,52.75067494,76.86792458,99.16246754,65.60432129,116.4702974,76.72718371,136.0275846,84.47870558,147.4905386,56.26784128,103.3643483,81.8707733,138.138957,110.2850755,75.54252045,130.3706809,60.43374163
Horror_9.jpg1,Horror_9,1,#312b27,49,43,39,18.49530879,35.77669125,59.8022736,82.06012378,58.07240765,106.7585817,64.66083764,122.7401499,76.22779589,137.6541714,44.76690314,90.29261001,82.28711379,136.3889701,96.94986009,70.69365313,123.3697903,48.75361076
Horror_9.jpg2,Horror_9,2,#dddddc,221,221,220,88.09141083,34.50881049,10.39854304,11.92152362,87.46737722,110.0428698,68.06022859,96.81984981,82.75576108,119.3130023,49.88802442,50.17600938,110.2979201,145.4354644,83.13462626,90.88715873,119.2318443,70.08124037
Horror_9.jpg3,Horror_9,3,#0a0604,10,6,4,2.288277794,51.76436501,75.87805832,98.17087749,64.50115572,115.3263094,76.0024801,135.2596079,84.27208848,147.2124501,55.88875891,102.9052101,81.49826673,137.6847601,109.2518437,74.6911848,129.4583842,59.30579765
Horror_9.jpg4,Horror_9,4,#17130f,23,19,15,6.834776553,47.51301287,71.60145465,93.88257875,61.92341708,112.3583562,72.01540375,131.1158265,81.23485142,143.9219449,52.79951224,99.54777557,82.25823929,138.0020393,105.1517549,73.88701769,128.2197377,55.56367848
Horror_9.jpg5,Horror_9,5,#241d19,36,29,25,12.39807574,42.41251593,66.43409381,88.68651205,58.52006571,108.3870448,68.16996177,126.9199523,79.12097003,141.2954862,49.98440414,96.14246193,82.12402446,137.1996691,100.5068195,71.78905952,125.4861971,51.11955204
Horror_9.jpg6,Horror_9,6,#605951,96,89,81,38.68046272,16.39867313,39.88340112,62.02708589,58.29083506,101.1105486,54.69864524,109.0039793,69.49790746,126.9359704,34.75451925,74.99611648,87.88281117,137.7979556,85.04176213,71.89707049,119.6039747,43.37967556
Horror_9.jpg7,Horror_9,7,#bfbcb5,191,188,181,76.40130301,23.05061833,4.156810207,24.01974145,77.9251011,104.8191597,59.53051382,95.36304088,75.30740218,117.5042874,41.95030525,53.26036273,104.8515596,143.9873519,78.84670963,85.39810025,118.9008983,59.94360064
Horror_9.jpg8,Horror_9,8,#47403a,71,64,58,28.07009764,26.47330848,50.35684957,72.57331864,57.02169973,103.371077,59.17290901,115.8909279,72.4362541,132.3158428,39.25292398,82.93916034,84.42423469,136.7272462,90.74318063,70.4944874,121.1267318,44.90766263
Horror_9.jpg9,Horror_9,9,#9d9891,157,152,145,63.21855982,10.43743484,15.27194274,37.1883935,69.30946851,101.8793591,55.20566301,98.87904869,71.33902631,119.7802136,35.30644501,59.0861861,97.36624139,140.4250848,79.10300552,78.63390986,117.4646764,51.67553706
Horror_9.jpg10,Horror_9,10,#7c756d,124,117,109,49.93541701,6.777423157,28.60778,50.66869411,62.00177919,100.3057708,53.26052032,103.5119543,69.22209396,123.0472874,33.1038253,67.30053653,91.64684396,138.587353,81.06271872,74.02642725,117.9608854,45.31768264